oppteam,oppteamid,oppteamconf,oppteamconfid,oppadj_off,oppadj_def,oppconference,oppnet,oppprevnet,oppavgoppnetrank,oppavgoppnet,oppnetsos,oppnetnonconfsos,oppwl,oppconfrecord,oppnonconferencerecord,opproadwl,oppquadrant1,oppquadrant2,oppquadrant3,oppquadrant4,teamwins,oppwins,percentage_team_wins,percentage_opp_wins,predicted_winner,percentage_sim_win,threshold
A&M-Corpus Christi,293,Southland,29,75.086906,82.570274,Southland,179,178,335,250,220,47,.60714287,.7368421,.33333334,.53333336,0,0,.5,.78947371,0,0,0,0,0,0, by more than 10 points.
Abilene Christian,1,WAC,33,76.464638,79.636208,WAC,229,230,164,186,211,237,.45161289,.47619048,.40000001,.35714287,0,.40000001,.36363637,.61538464,0,0,0,0,0,0, by more than 10 points.
Abilene Christian,1,WAC,33,76.464638,79.636208,WAC,229,230,164,186,211,237,.45161289,.47619048,.40000001,.35714287,0,.40000001,.36363637,.61538464,0,0,0,0,0,0, by more than 10 points.
Air Force,2,MWC,21,72.423012,82.592293,Mountain West,269,269,121,157,94,361,.29032257,.10526316,.58333331,.38461539,.11111111,.33333334,0,.58333331,0,0,0,0,0,0, by more than 10 points.
Akron,3,MAC,18,76.928833,85.658653,MAC,108,108,200,198,212,59,.6875,.76190478,.54545456,.53846157,0,.40000001,.75,.875,0,0,0,0,0,0, by more than 10 points.
Akron,3,MAC,18,76.928833,85.658653,MAC,108,108,200,198,212,59,.6875,.76190478,.54545456,.53846157,0,.40000001,.75,.875,0,0,0,0,0,0, by more than 10 points.
Alabama,4,SEC,27,100,78.611938,SEC,9,9,3,75,3,18,.65625,.68421054,.61538464,.5,.2857143,.875,1,1,0,0,0,0,0,0, by more than 10 points.
Alabama,4,SEC,27,100,78.611938,SEC,9,9,3,75,3,18,.65625,.68421054,.61538464,.5,.2857143,.875,1,1,0,0,0,0,0,0, by more than 10 points.
Alabama A&M,5,SWAC,32,71.71537,75.300873,SWAC,326,326,335,250,319,123,.33333334,.5,.07692308,.17647059,0,0,0,.47826087,0,0,0,0,0,0, by more than 10 points.
Alabama St.,6,SWAC,32,69.352707,79.938911,SWAC,314,315,320,242,208,12,.34482759,.42105263,.2,.1875,0,0,0,.47619048,0,0,0,0,0,0, by more than 10 points.
Alabama St.,6,SWAC,32,69.352707,79.938911,SWAC,314,315,320,242,208,12,.34482759,.42105263,.2,.1875,0,0,0,.47619048,0,0,0,0,0,0, by more than 10 points.
Alcorn,8,SWAC,32,76.029633,74.172195,SWAC,299,299,290,229,152,5,.41935483,.68421054,0,.33333334,0,0,0,.68421054,0,0,0,0,0,0, by more than 10 points.
American,9,Patriot,26,71.655373,80.727676,Patriot,287,287,359,270,349,255,.48387095,.52631581,.41666666,.47058824,0,.5,0,.58333331,0,0,0,0,0,0, by more than 10 points.
American,9,Patriot,26,71.655373,80.727676,Patriot,287,287,359,270,349,255,.48387095,.52631581,.41666666,.47058824,0,.5,0,.58333331,0,0,0,0,0,0, by more than 10 points.
App State,10,Sunbelt,31,80.908249,85.885429,Sun Belt,72,72,225,205,276,280,.80645162,.85000002,.72727275,.66666669,1,1,.58333331,.9375,0,0,0,0,0,0, by more than 10 points.
Arizona,11,Pac 12,25,97.064774,85.457108,Pac-12,4,4,11,89,49,13,.75757575,.72727275,.81818181,.63636363,.72727275,.63636363,.8888889,1,0,0,0,0,0,0, by more than 10 points.
Arizona,11,Pac 12,25,97.064774,85.457108,Pac-12,4,4,11,89,49,13,.75757575,.72727275,.81818181,.63636363,.72727275,.63636363,.8888889,1,0,0,0,0,0,0, by more than 10 points.
Arizona St.,12,Pac 12,25,78.7062,84.026459,Pac-12,134,133,15,92,59,66,.4375,.38095239,.54545456,.27272728,.18181819,.60000002,.42857143,.75,0,0,0,0,0,0, by more than 10 points.
Arizona St.,12,Pac 12,25,78.7062,84.026459,Pac-12,134,133,15,92,59,66,.4375,.38095239,.54545456,.27272728,.18181819,.60000002,.42857143,.75,0,0,0,0,0,0, by more than 10 points.
Ark.-Pine Bluff,14,SWAC,32,79.173111,66.84304,SWAC,328,328,347,257,214,11,.33333334,.44444445,.11111111,.29411766,0,0,0,.42857143,0,0,0,0,0,0, by more than 10 points.
Arkansas,15,SEC,27,85.750465,78.461845,SEC,115,115,32,101,57,148,.4848485,.34999999,.69230771,.22222222,.18181819,.14285715,.875,.85714287,0,0,0,0,0,0, by more than 10 points.
Arkansas,15,SEC,27,85.750465,78.461845,SEC,115,115,32,101,57,148,.4848485,.34999999,.69230771,.22222222,.18181819,.14285715,.875,.85714287,0,0,0,0,0,0, by more than 10 points.
Arkansas St.,16,Sunbelt,31,83.815071,77.734772,Sun Belt,148,148,168,187,153,112,.52941179,.61904764,.38461539,.3125,0,.25,.53846157,.76923078,0,0,0,0,0,0, by more than 10 points.
Army West Point,18,Patriot,26,63.932457,82.655533,Patriot,338,338,353,267,361,354,.26666668,.31578946,.18181819,.26666668,0,0,0,.31999999,0,0,0,0,0,0, by more than 10 points.
Auburn,19,SEC,27,92.153099,89.941368,SEC,5,5,46,105,66,171,.78787881,.75,.84615386,.5,.22222222,1,1,1,0,0,0,0,0,0, by more than 10 points.
Auburn,19,SEC,27,92.153099,89.941368,SEC,5,5,46,105,66,171,.78787881,.75,.84615386,.5,.22222222,1,1,1,0,0,0,0,0,0, by more than 10 points.
Austin Peay,21,A-Sun,5,78.247055,77.44838,ASUN,221,220,253,215,288,147,.51612902,.63157892,.33333334,.25,0,.5,.11111111,.77777779,0,0,0,0,0,0, by more than 10 points.
Austin Peay,21,A-Sun,5,78.247055,77.44838,ASUN,221,220,253,215,288,147,.51612902,.63157892,.33333334,.25,0,.5,.11111111,.77777779,0,0,0,0,0,0, by more than 10 points.
BYU,39,Big 12,7,91.364738,86.145882,Big 12,12,13,59,111,38,294,.69696969,.55000001,.92307693,.30000001,.42857143,.71428573,1,1,0,0,0,0,0,0, by more than 10 points.
Ball St.,22,MAC,18,75.797707,77.869522,MAC,258,259,315,239,339,320,.44827586,.3888889,.54545456,.42857143,0,0,0,.72222221,0,0,0,0,0,0, by more than 10 points.
Baylor,23,Big 12,7,90.874741,87.025024,Big 12,14,14,5,80,1,70,.6875,.60000002,.83333331,.44444445,.52631581,.80000001,1,1,0,0,0,0,0,0, by more than 10 points.
Baylor,23,Big 12,7,90.874741,87.025024,Big 12,14,14,5,80,1,70,.6875,.60000002,.83333331,.44444445,.52631581,.80000001,1,1,0,0,0,0,0,0, by more than 10 points.
Bellarmine,367,A-Sun,5,70.979698,78.126556,ASUN,318,318,200,198,171,43,.17857143,.25,.083333336,.11111111,0,0,.125,.26666668,0,0,0,0,0,0, by more than 10 points.
Belmont,24,MVC,20,84.232895,79.176987,MVC,117,117,119,156,121,158,.59375,.59090906,.60000002,.40000001,0,.66666669,.5,1,0,0,0,0,0,0, by more than 10 points.
Belmont,24,MVC,20,84.232895,79.176987,MVC,117,117,119,156,121,158,.59375,.59090906,.60000002,.40000001,0,.66666669,.5,1,0,0,0,0,0,0, by more than 10 points.
Bethune-Cookman,25,SWAC,32,74.208733,75.347702,SWAC,308,308,356,269,346,163,.48387095,.60000002,.27272728,.3125,0,0,0,.57692307,0,0,0,0,0,0, by more than 10 points.
Binghamton,26,Am. East,4,74.226852,77.989403,America East,274,273,259,217,241,195,.4642857,.41176471,.54545456,.3125,0,0,.14285715,.75,0,0,0,0,0,0, by more than 10 points.
Binghamton,26,Am. East,4,74.226852,77.989403,America East,274,273,259,217,241,195,.4642857,.41176471,.54545456,.3125,0,0,.14285715,.75,0,0,0,0,0,0, by more than 10 points.
Boise St.,28,MWC,21,85.064362,87.731018,Mountain West,27,26,50,107,51,32,.66666669,.68421054,.63636363,.69999999,.54545456,.42857143,.75,1,0,0,0,0,0,0, by more than 10 points.
Boise St.,28,MWC,21,85.064362,87.731018,Mountain West,27,26,50,107,51,32,.66666669,.68421054,.63636363,.69999999,.54545456,.42857143,.75,1,0,0,0,0,0,0, by more than 10 points.
Boston College,29,ACC,3,83.841187,84.056564,ACC,80,80,73,113,85,233,.55882353,.43478259,.81818181,.5,.25,.33333334,.85714287,1,0,0,0,0,0,0, by more than 10 points.
Boston College,29,ACC,3,83.841187,84.056564,ACC,80,80,73,113,85,233,.55882353,.43478259,.81818181,.5,.25,.33333334,.85714287,1,0,0,0,0,0,0, by more than 10 points.
Boston U.,30,Patriot,26,71.27047,80.247406,Patriot,291,291,352,265,359,339,.46875,.55000001,.33333334,.41176471,0,0,0,.55555558,0,0,0,0,0,0, by more than 10 points.
Bowling Green,31,MAC,18,76.567513,78.357788,MAC,228,228,297,231,352,356,.58064514,.55000001,.63636363,.41666666,0,0,.55555558,.68421054,0,0,0,0,0,0, by more than 10 points.
Bradley,32,MVC,20,82.400162,86.760826,MVC,58,58,99,137,127,204,.65625,.63636363,.69999999,.5,0,.42857143,.85714287,.85714287,0,0,0,0,0,0, by more than 10 points.
Bradley,32,MVC,20,82.400162,86.760826,MVC,58,58,99,137,127,204,.65625,.63636363,.69999999,.5,0,.42857143,.85714287,.85714287,0,0,0,0,0,0, by more than 10 points.
Brown,34,Ivy,16,77.658615,80.30455,Ivy League,177,193,143,175,150,259,.41379312,.60000002,.21428572,.42857143,0,.5,.33333334,.55555558,0,0,0,0,0,0, by more than 10 points.
Bryant,35,Am. East,4,81.987785,76.630333,America East,164,164,215,202,187,96,.58064514,.66666669,.46153846,.44444445,.33333334,0,.40000001,.86666667,0,0,0,0,0,0, by more than 10 points.
Bryant,35,Am. East,4,81.987785,76.630333,America East,164,164,215,202,187,96,.58064514,.66666669,.46153846,.44444445,.33333334,0,.40000001,.86666667,0,0,0,0,0,0, by more than 10 points.
Bucknell,36,Patriot,26,71.732185,81.74157,Patriot,277,278,316,240,296,152,.42424244,.55000001,.23076923,.42105263,0,.2,0,.59090906,0,0,0,0,0,0, by more than 10 points.
Bucknell,36,Patriot,26,71.732185,81.74157,Patriot,277,278,316,240,296,152,.42424244,.55000001,.23076923,.42105263,0,.2,0,.59090906,0,0,0,0,0,0, by more than 10 points.
Buffalo,37,MAC,18,71.92775,73.204414,MAC,345,345,196,197,236,178,.1,.11111111,.083333336,.15384616,0,0,0,.2,0,0,0,0,0,0, by more than 10 points.
Buffalo,37,MAC,18,71.92775,73.204414,MAC,345,345,196,197,236,178,.1,.11111111,.083333336,.15384616,0,0,0,.2,0,0,0,0,0,0, by more than 10 points.
Butler,38,Big East,8,86.029732,83.584389,Big East,68,67,43,104,15,87,.54838711,.42857143,.80000001,.36363637,.26666668,.5714286,1,1,0,0,0,0,0,0, by more than 10 points.
Butler,38,Big East,8,86.029732,83.584389,Big East,68,67,43,104,15,87,.54838711,.42857143,.80000001,.36363637,.26666668,.5714286,1,1,0,0,0,0,0,0, by more than 10 points.
Cal Poly,41,Big West,11,69.047302,78.287003,Big West,342,341,191,195,292,336,.096774191,0,.27272728,0,0,0,.06666667,.14285715,0,0,0,0,0,0, by more than 10 points.
Cal Poly,41,Big West,11,69.047302,78.287003,Big West,342,341,191,195,292,336,.096774191,0,.27272728,0,0,0,.06666667,.14285715,0,0,0,0,0,0, by more than 10 points.
Cal St. Fullerton,67,Big West,11,73.110794,82.763329,Big West,235,233,160,185,148,35,.40000001,.34999999,.5,.375,0,0,.44444445,.5714286,0,0,0,0,0,0, by more than 10 points.
Cal St. Fullerton,67,Big West,11,73.110794,82.763329,Big West,235,233,160,185,148,35,.40000001,.34999999,.5,.375,0,0,.44444445,.5714286,0,0,0,0,0,0, by more than 10 points.
California,42,Pac 12,25,83.058289,80.595245,Pac-12,128,128,43,104,76,211,.40625,.42857143,.36363637,.27272728,.2,.5,.5,.5,0,0,0,0,0,0, by more than 10 points.
California,42,Pac 12,25,83.058289,80.595245,Pac-12,128,128,43,104,76,211,.40625,.42857143,.36363637,.27272728,.2,.5,.5,.5,0,0,0,0,0,0, by more than 10 points.
California Baptist,364,WAC,33,72.260826,85.092804,WAC,201,201,204,199,263,342,.45161289,.40909091,.55555558,.30769232,0,0,.5,.5714286,0,0,0,0,0,0, by more than 10 points.
Campbell,43,CAA,12,74.241257,75.961258,CAA,305,305,281,225,303,333,.37931034,.42105263,.30000001,.21428572,0,0,.2857143,.52941179,0,0,0,0,0,0, by more than 10 points.
Canisius,44,MAAC,17,73.42942,79.405792,MAAC,266,267,232,207,266,93,.41935483,.40909091,.44444445,.2,0,.33333334,.27272728,.5625,0,0,0,0,0,0, by more than 10 points.
Central Ark.,45,A-Sun,5,73.542793,72.02137,ASUN,344,344,304,234,323,286,.23333333,.3125,.14285715,.23529412,0,0,.125,.30000001,0,0,0,0,0,0, by more than 10 points.
Central Conn. St.,47,NEC,23,73.824997,79.57682,NEC,250,249,361,274,357,270,.62068963,.77777779,.36363637,.5625,0,0,.33333334,.76190478,0,0,0,0,0,0, by more than 10 points.
Central Mich.,40,MAC,18,70.362091,82.118782,MAC,265,265,265,218,186,52,.54838711,.63157892,.41666666,.4375,0,.25,.40000001,.7368421,0,0,0,0,0,0, by more than 10 points.
Charleston So.,48,Big South,10,69.310516,80.068573,Big South,315,314,168,187,145,29,.25925925,.35294119,.1,.2,0,0,.2857143,.35714287,0,0,0,0,0,0, by more than 10 points.
Charlotte,49,AAC,2,75.133896,88.045357,AAC,114,114,111,150,134,124,.60000002,.68421054,.45454547,.41666666,0,.5,.5,1,0,0,0,0,0,0, by more than 10 points.
Chattanooga,50,Southern,28,81.490852,79.654861,SoCon,140,139,200,198,228,267,.61290324,.64999998,.54545456,.53333336,0,.5,.5,.84615386,0,0,0,0,0,0, by more than 10 points.
Chattanooga,50,Southern,28,81.490852,79.654861,SoCon,140,139,200,198,228,267,.61290324,.64999998,.54545456,.53333336,0,.5,.5,.84615386,0,0,0,0,0,0, by more than 10 points.
Chicago St.,51,Independent,15,69.95372,81.758904,DI Independent,297,296,236,209,176,258,.33333334,0,.33333334,.29411766,.33333334,0,.14285715,.53846157,0,0,0,0,0,0, by more than 10 points.
Cincinnati,52,Big 12,7,84.10453,89.491425,Big 12,37,38,36,103,36,323,.58823532,.42857143,.84615386,.36363637,.26666668,.75,.66666669,1,0,0,0,0,0,0, by more than 10 points.
Cincinnati,52,Big 12,7,84.10453,89.491425,Big 12,37,38,36,103,36,323,.58823532,.42857143,.84615386,.36363637,.26666668,.75,.66666669,1,0,0,0,0,0,0, by more than 10 points.
Clemson,54,ACC,3,86.046768,86.897163,ACC,35,36,23,96,52,64,.65625,.52380955,.90909094,.5,.5,.5,.85714287,1,0,0,0,0,0,0, by more than 10 points.
Clemson,54,ACC,3,86.046768,86.897163,ACC,35,36,23,96,52,64,.65625,.52380955,.90909094,.5,.5,.5,.85714287,1,0,0,0,0,0,0, by more than 10 points.
Cleveland St.,55,Horizon,14,78.988213,78.344948,Horizon,196,195,236,209,250,141,.57575756,.56521738,.60000002,.375,.5,.25,.41666666,.80000001,0,0,0,0,0,0, by more than 10 points.
Cleveland St.,55,Horizon,14,78.988213,78.344948,Horizon,196,195,236,209,250,141,.57575756,.56521738,.60000002,.375,.5,.25,.41666666,.80000001,0,0,0,0,0,0, by more than 10 points.
Coastal Carolina,56,Sunbelt,31,75.527115,74.146408,Sun Belt,319,319,204,199,274,346,.24137931,.30000001,.11111111,.1,0,0,.11111111,.40000001,0,0,0,0,0,0, by more than 10 points.
Coastal Carolina,56,Sunbelt,31,75.527115,74.146408,Sun Belt,319,319,204,199,274,346,.24137931,.30000001,.11111111,.1,0,0,.11111111,.40000001,0,0,0,0,0,0, by more than 10 points.
Col. of Charleston,57,CAA,12,86.402527,78.503006,CAA,97,97,200,198,268,256,.78787881,.85714287,.66666669,.83333331,0,.33333334,.73333335,1,0,0,0,0,0,0, by more than 10 points.
Colgate,58,Patriot,26,75.565987,85.459122,Patriot,125,125,323,244,270,42,.72727275,.90476191,.41666666,.66666669,0,.25,.66666669,.875,0,0,0,0,0,0, by more than 10 points.
Colgate,58,Patriot,26,75.565987,85.459122,Patriot,125,125,323,244,270,42,.72727275,.90476191,.41666666,.66666669,0,.25,.66666669,.875,0,0,0,0,0,0, by more than 10 points.
Colorado,59,Pac 12,25,87.731232,86.186867,Pac-12,25,24,55,109,81,262,.70588237,.65217394,.81818181,.36363637,.44444445,.54545456,1,1,0,0,0,0,0,0, by more than 10 points.
Colorado,59,Pac 12,25,87.731232,86.186867,Pac-12,25,24,55,109,81,262,.70588237,.65217394,.81818181,.36363637,.44444445,.54545456,1,1,0,0,0,0,0,0, by more than 10 points.
Colorado St.,60,MWC,21,83.231125,88.428154,Mountain West,36,37,48,106,60,82,.6875,.5714286,.90909094,.36363637,.46153846,.60000002,.875,1,0,0,0,0,0,0, by more than 10 points.
Colorado St.,60,MWC,21,83.231125,88.428154,Mountain West,36,37,48,106,60,82,.6875,.5714286,.90909094,.36363637,.46153846,.60000002,.875,1,0,0,0,0,0,0, by more than 10 points.
Columbia,61,Ivy,16,78.988693,76.191238,Ivy League,225,225,204,199,196,335,.41666666,.2857143,.60000002,.33333334,0,0,.25,.72727275,0,0,0,0,0,0, by more than 10 points.
Coppin St.,63,MEAC,19,62.341408,77.76635,MEAC,361,361,332,247,321,224,.068965517,.06666667,.071428575,0,0,0,0,.10526316,0,0,0,0,0,0, by more than 10 points.
Coppin St.,63,MEAC,19,62.341408,77.76635,MEAC,361,361,332,247,321,224,.068965517,.06666667,.071428575,0,0,0,0,.10526316,0,0,0,0,0,0, by more than 10 points.
Cornell,64,Ivy,16,87.065933,77.456032,Ivy League,95,88,155,184,154,192,.74074072,.73333335,.75,.66666669,0,.2,1,.91666669,0,0,0,0,0,0, by more than 10 points.
Cornell,64,Ivy,16,87.065933,77.456032,Ivy League,95,88,155,184,154,192,.74074072,.73333335,.75,.66666669,0,.2,1,.91666669,0,0,0,0,0,0, by more than 10 points.
Creighton,65,Big East,8,90.136017,87.79567,Big East,11,11,46,105,27,58,.71875,.66666669,.81818181,.61538464,.61538464,.63636363,1,1,0,0,0,0,0,0, by more than 10 points.
Creighton,65,Big East,8,90.136017,87.79567,Big East,11,11,46,105,27,58,.71875,.66666669,.81818181,.61538464,.61538464,.63636363,1,1,0,0,0,0,0,0, by more than 10 points.
Dartmouth,70,Ivy,16,66.55127,80.643127,Ivy League,334,334,138,172,146,249,.16,.14285715,.18181819,0,0,0,0,.40000001,0,0,0,0,0,0, by more than 10 points.
Davidson,71,A-10,1,76.93145,85.756149,Atlantic 10,121,122,96,135,97,142,.43333334,.2631579,.72727275,.33333334,0,.375,.40000001,.85714287,0,0,0,0,0,0, by more than 10 points.
Davidson,71,A-10,1,76.93145,85.756149,Atlantic 10,121,122,96,135,97,142,.43333334,.2631579,.72727275,.33333334,0,.375,.40000001,.85714287,0,0,0,0,0,0, by more than 10 points.
Dayton,72,A-10,1,84.104057,88.08873,Atlantic 10,23,23,80,120,92,39,.77419353,.7368421,.83333331,.54545456,.42857143,.625,1,1,0,0,0,0,0,0, by more than 10 points.
Dayton,72,A-10,1,84.104057,88.08873,Atlantic 10,23,23,80,120,92,39,.77419353,.7368421,.83333331,.54545456,.42857143,.625,1,1,0,0,0,0,0,0, by more than 10 points.
Delaware,73,CAA,12,77.259575,81.458092,CAA,167,167,244,211,291,303,.5625,.55000001,.58333331,.5714286,1,0,.2,.88235295,0,0,0,0,0,0, by more than 10 points.
Delaware,73,CAA,12,77.259575,81.458092,CAA,167,167,244,211,291,303,.5625,.55000001,.58333331,.5714286,1,0,.2,.88235295,0,0,0,0,0,0, by more than 10 points.
Delaware St.,74,MEAC,19,72.439224,78.77742,MEAC,304,302,346,256,333,222,.41935483,.47058824,.35714287,.26666668,0,0,0,.51999998,0,0,0,0,0,0, by more than 10 points.
Denver,75,Summit,30,83.642044,69.92662,Summit League,264,264,282,226,286,183,.43333334,.42105263,.45454547,.26666668,0,0,.2857143,.57894737,0,0,0,0,0,0, by more than 10 points.
Detroit Mercy,77,Horizon,14,70.331985,73.877304,Horizon,356,356,184,192,185,68,.03125,.047619049,0,0,0,0,0,.083333336,0,0,0,0,0,0, by more than 10 points.
Drake,78,MVC,20,87.593338,83.296875,MVC,47,47,108,149,132,282,.81818181,.82608694,.80000001,.54545456,.80000001,.5,.81818181,1,0,0,0,0,0,0, by more than 10 points.
Drake,78,MVC,20,87.593338,83.296875,MVC,47,47,108,149,132,282,.81818181,.82608694,.80000001,.54545456,.80000001,.5,.81818181,1,0,0,0,0,0,0, by more than 10 points.
Drexel,79,CAA,12,77.230499,84.846779,CAA,122,121,214,201,244,245,.61290324,.68421054,.5,.375,.5,0,.40000001,.875,0,0,0,0,0,0, by more than 10 points.
Drexel,79,CAA,12,77.230499,84.846779,CAA,122,121,214,201,244,245,.61290324,.68421054,.5,.375,.5,0,.40000001,.875,0,0,0,0,0,0, by more than 10 points.
Duke,80,ACC,3,88.915146,89.474655,ACC,10,10,59,111,71,116,.75,.71428573,.81818181,.63636363,.55555558,.60000002,1,1,0,0,0,0,0,0, by more than 10 points.
Duke,80,ACC,3,88.915146,89.474655,ACC,10,10,59,111,71,116,.75,.71428573,.81818181,.63636363,.55555558,.60000002,1,1,0,0,0,0,0,0, by more than 10 points.
Duquesne,81,A-10,1,77.512573,88.792534,Atlantic 10,83,89,86,125,96,181,.66666669,.61904764,.75,.45454547,.40000001,.5,.625,1,0,0,0,0,0,0, by more than 10 points.
East Carolina,86,AAC,2,74.815628,83.590248,AAC,190,187,123,160,144,322,.4375,.40000001,.5,.30000001,0,0,.66666669,.66666669,0,0,0,0,0,0, by more than 10 points.
Eastern Ill.,82,OVC,24,70.271255,79.328171,OVC,311,311,306,235,202,20,.35714287,.42105263,.22222222,.26666668,0,0,.40000001,.44444445,0,0,0,0,0,0, by more than 10 points.
Eastern Ky.,83,A-Sun,5,79.456306,76.438766,ASUN,219,219,265,218,237,79,.5,.70588237,.18181819,.2857143,0,0,.14285715,.72222221,0,0,0,0,0,0, by more than 10 points.
Eastern Mich.,84,MAC,18,69.477821,78.13868,MAC,323,323,290,229,310,279,.37931034,.33333334,.45454547,.26666668,0,.5,0,.52631581,0,0,0,0,0,0, by more than 10 points.
Eastern Wash.,85,Big Sky,9,85.453201,75.081581,Big Sky,143,143,236,209,167,23,.63333333,.78947371,.36363637,.52631581,0,0,.66666669,.88235295,0,0,0,0,0,0, by more than 10 points.
Elon,88,CAA,12,74.26561,75.112251,CAA,310,310,275,224,269,229,.36666667,.31578946,.45454547,.2,0,.25,0,.55555558,0,0,0,0,0,0, by more than 10 points.
Evansville,90,MVC,20,76.711205,79.230438,MVC,203,203,124,161,109,209,.46875,.31818181,.80000001,.26666668,0,.25,.33333334,.91666669,0,0,0,0,0,0, by more than 10 points.
Fairfield,92,MAAC,17,80.988762,78.148941,MAAC,161,158,299,232,340,283,.63636363,.69565219,.5,.625,0,.33333334,.44444445,.76190478,0,0,0,0,0,0, by more than 10 points.
Fla. Atlantic,93,AAC,2,89.975601,82.050613,AAC,39,33,90,131,99,51,.75757575,.75,.76923078,.5,.5,.72727275,.8888889,.77777779,0,0,0,0,0,0, by more than 10 points.
Florida,95,SEC,27,94.297142,79.58773,SEC,26,28,43,104,41,107,.70588237,.66666669,.76923078,.30000001,.46153846,.66666669,.89999998,1,0,0,0,0,0,0, by more than 10 points.
Florida,95,SEC,27,94.297142,79.58773,SEC,26,28,43,104,41,107,.70588237,.66666669,.76923078,.30000001,.46153846,.66666669,.89999998,1,0,0,0,0,0,0, by more than 10 points.
Florida A&M,96,SWAC,32,70.189133,75.062477,SWAC,341,342,275,224,136,1,.18518518,.22222222,.11111111,.125,0,0,0,.2631579,0,0,0,0,0,0, by more than 10 points.
Florida St.,98,ACC,3,85.717567,81.645401,ACC,96,96,15,92,50,127,.5151515,.5,.54545456,.36363637,.11111111,.64285713,.60000002,.80000001,0,0,0,0,0,0, by more than 10 points.
Florida St.,98,ACC,3,85.717567,81.645401,ACC,96,96,15,92,50,127,.5151515,.5,.54545456,.36363637,.11111111,.64285713,.60000002,.80000001,0,0,0,0,0,0, by more than 10 points.
Fordham,99,A-10,1,77.6119,80.989655,Atlantic 10,176,176,113,152,137,329,.39393941,.34999999,.46153846,.40000001,0,.22222222,.5,.5,0,0,0,0,0,0, by more than 10 points.
Fresno St.,100,MWC,21,75.217155,81.184593,Mountain West,232,232,101,140,86,236,.34375,.25,.5,.25,0,0,.2,.83333331,0,0,0,0,0,0, by more than 10 points.
Fresno St.,100,MWC,21,75.217155,81.184593,Mountain West,232,232,101,140,86,236,.34375,.25,.5,.25,0,0,.2,.83333331,0,0,0,0,0,0, by more than 10 points.
Furman,101,Southern,28,83.014992,78.055603,SoCon,147,146,141,174,178,190,.5,.55000001,.40000001,.2857143,0,.16666667,.41666666,.89999998,0,0,0,0,0,0, by more than 10 points.
Furman,101,Southern,28,83.014992,78.055603,SoCon,147,146,141,174,178,190,.5,.55000001,.40000001,.2857143,0,.16666667,.41666666,.89999998,0,0,0,0,0,0, by more than 10 points.
Ga. Southern,103,Sunbelt,31,79.30191,73.985023,Sun Belt,284,282,219,203,183,197,.27272728,.44999999,0,.125,0,0,0,.44999999,0,0,0,0,0,0, by more than 10 points.
Gardner-Webb,104,Big South,10,78.09166,78.372513,Big South,191,189,149,180,170,60,.46666667,.66666669,.16666667,.42857143,0,0,.60000002,.61538464,0,0,0,0,0,0, by more than 10 points.
George Mason,105,A-10,1,76.967819,88.393791,Atlantic 10,93,94,107,148,126,246,.61290324,.47368422,.83333331,.41666666,.33333334,.375,.54545456,1,0,0,0,0,0,0, by more than 10 points.
George Mason,105,A-10,1,76.967819,88.393791,Atlantic 10,93,94,107,148,126,246,.61290324,.47368422,.83333331,.41666666,.33333334,.375,.54545456,1,0,0,0,0,0,0, by more than 10 points.
George Washington,102,A-10,1,83.07473,74.402901,Atlantic 10,192,190,135,166,140,353,.45161289,.21052632,.83333331,.1,.25,0,.5,.69999999,0,0,0,0,0,0, by more than 10 points.
George Washington,102,A-10,1,83.07473,74.402901,Atlantic 10,192,190,135,166,140,353,.45161289,.21052632,.83333331,.1,.25,0,.5,.69999999,0,0,0,0,0,0, by more than 10 points.
Georgetown,106,Big East,8,80.421822,78.13752,Big East,205,204,79,119,42,332,.28125,.095238097,.63636363,.16666667,0,.1,0,.8888889,0,0,0,0,0,0, by more than 10 points.
Georgetown,106,Big East,8,80.421822,78.13752,Big East,205,204,79,119,42,332,.28125,.095238097,.63636363,.16666667,0,.1,0,.8888889,0,0,0,0,0,0, by more than 10 points.
Georgia,107,SEC,27,82.533745,84.256836,SEC,100,100,36,103,63,239,.5151515,.34999999,.76923078,.40000001,.1,.25,.8888889,1,0,0,0,0,0,0, by more than 10 points.
Georgia,107,SEC,27,82.533745,84.256836,SEC,100,100,36,103,63,239,.5151515,.34999999,.76923078,.40000001,.1,.25,.8888889,1,0,0,0,0,0,0, by more than 10 points.
Georgia St.,108,Sunbelt,31,78.463646,77.765434,Sun Belt,222,222,210,200,197,191,.41379312,.42105263,.40000001,.3125,0,0,.5,.5625,0,0,0,0,0,0, by more than 10 points.
Georgia St.,108,Sunbelt,31,78.463646,77.765434,Sun Belt,222,222,210,200,197,191,.41379312,.42105263,.40000001,.3125,0,0,.5,.5625,0,0,0,0,0,0, by more than 10 points.
Georgia Tech,109,ACC,3,81.513481,81.578537,ACC,127,127,23,96,46,90,.4375,.33333334,.63636363,.30769232,.40000001,.36363637,.375,1,0,0,0,0,0,0, by more than 10 points.
Georgia Tech,109,ACC,3,81.513481,81.578537,ACC,127,127,23,96,46,90,.4375,.33333334,.63636363,.30769232,.40000001,.36363637,.375,1,0,0,0,0,0,0, by more than 10 points.
Gonzaga,110,WCC,34,91.232056,84.834221,WCC,17,17,119,156,91,19,.77419353,.83333331,.69230771,.80000001,.33333334,.80000001,1,1,0,0,0,0,0,0, by more than 10 points.
Gonzaga,110,WCC,34,91.232056,84.834221,WCC,17,17,119,156,91,19,.77419353,.83333331,.69230771,.80000001,.33333334,.80000001,1,1,0,0,0,0,0,0, by more than 10 points.
Grambling,111,SWAC,32,70.005859,81.796272,SWAC,279,285,323,244,168,2,.54838711,.80952382,0,.4375,0,0,0,.73913044,0,0,0,0,0,0, by more than 10 points.
Grand Canyon,112,WAC,33,84.047211,85.532043,WAC,50,51,181,191,258,214,.875,.86363637,.89999998,.72727275,1,.5,.84615386,1,0,0,0,0,0,0, by more than 10 points.
Grand Canyon,112,WAC,33,84.047211,85.532043,WAC,50,51,181,191,258,214,.875,.86363637,.89999998,.72727275,1,.5,.84615386,1,0,0,0,0,0,0, by more than 10 points.
Green Bay,352,Horizon,14,72.436958,82.857559,Horizon,227,227,236,209,256,126,.53333336,.61904764,.33333334,.5,0,.5,.58333331,.5714286,0,0,0,0,0,0, by more than 10 points.
Green Bay,352,Horizon,14,72.436958,82.857559,Horizon,227,227,236,209,256,126,.53333336,.61904764,.33333334,.5,0,.5,.58333331,.5714286,0,0,0,0,0,0, by more than 10 points.
Hampton,113,CAA,12,72.109375,73.27459,CAA,337,337,275,224,334,355,.2,.2,.2,.07692308,0,0,.090909094,.3125,0,0,0,0,0,0, by more than 10 points.
Hampton,113,CAA,12,72.109375,73.27459,CAA,337,337,275,224,334,355,.2,.2,.2,.07692308,0,0,.090909094,.3125,0,0,0,0,0,0, by more than 10 points.
Harvard,116,Ivy,16,75.06752,80.145264,Ivy League,200,200,153,183,147,215,.5,.35714287,.66666669,.38461539,0,.25,.40000001,.75,0,0,0,0,0,0, by more than 10 points.
Harvard,116,Ivy,16,75.06752,80.145264,Ivy League,200,200,153,183,147,215,.5,.35714287,.66666669,.38461539,0,.25,.40000001,.75,0,0,0,0,0,0, by more than 10 points.
Hawaii,117,Big West,11,76.817383,82.868805,Big West,172,170,219,203,289,307,.5625,.54545456,.60000002,.40000001,0,0,.30000001,.88235295,0,0,0,0,0,0, by more than 10 points.
Hawaii,117,Big West,11,76.817383,82.868805,Big West,172,170,219,203,289,307,.5625,.54545456,.60000002,.40000001,0,0,.30000001,.88235295,0,0,0,0,0,0, by more than 10 points.
High Point,118,Big South,10,86.826172,75.855225,Big South,110,110,270,222,353,344,.74193549,.77777779,.69230771,.58333331,0,0,.60000002,.85000002,0,0,0,0,0,0, by more than 10 points.
High Point,118,Big South,10,86.826172,75.855225,Big South,110,110,270,222,353,344,.74193549,.77777779,.69230771,.58333331,0,0,.60000002,.85000002,0,0,0,0,0,0, by more than 10 points.
Hofstra,119,CAA,12,78.042671,84.877289,CAA,112,111,155,184,166,74,.59375,.64999998,.5,.33333334,0,.2,.61538464,.83333331,0,0,0,0,0,0, by more than 10 points.
Holy Cross,120,Patriot,26,71.784706,72.92836,Patriot,350,349,347,257,345,284,.28125,.34999999,.16666667,.22222222,0,0,.2,.34782609,0,0,0,0,0,0, by more than 10 points.
Holy Cross,120,Patriot,26,71.784706,72.92836,Patriot,350,349,347,257,345,284,.28125,.34999999,.16666667,.22222222,0,0,.2,.34782609,0,0,0,0,0,0, by more than 10 points.
Houston,121,Big 12,7,84.178795,100,Big 12,1,1,10,88,11,193,.88235295,.80952382,1,.69999999,.80000001,1,1,1,0,0,0,0,0,0, by more than 10 points.
Houston,121,Big 12,7,84.178795,100,Big 12,1,1,10,88,11,193,.88235295,.80952382,1,.69999999,.80000001,1,1,1,0,0,0,0,0,0, by more than 10 points.
Houston Christian,122,Southland,29,73.826088,67.828049,Southland,357,357,253,215,141,7,.14814815,.22222222,0,.0625,0,0,0,.25,0,0,0,0,0,0, by more than 10 points.
Howard,123,MEAC,19,78.153183,74.522842,MEAC,273,274,343,254,336,241,.5,.70588237,.26666668,.40000001,0,0,.16666667,.68181819,0,0,0,0,0,0, by more than 10 points.
Howard,123,MEAC,19,78.153183,74.522842,MEAC,273,274,343,254,336,241,.5,.70588237,.26666668,.40000001,0,0,.16666667,.68181819,0,0,0,0,0,0, by more than 10 points.
Idaho,124,Big Sky,9,69.866638,79.511986,Big Sky,321,321,259,217,298,277,.30000001,.2631579,.36363637,.2857143,0,0,.18181819,.4375,0,0,0,0,0,0, by more than 10 points.
Idaho St.,125,Big Sky,9,73.616707,80.432045,Big Sky,251,251,282,226,301,269,.375,.42857143,.27272728,.23529412,0,0,.21428572,.52941179,0,0,0,0,0,0, by more than 10 points.
Illinois,127,Big 10,6,95.618958,82.479256,Big Ten,15,16,29,100,40,151,.75757575,.72727275,.81818181,.54545456,.53846157,.85714287,.875,1,0,0,0,0,0,0, by more than 10 points.
Illinois,127,Big 10,6,95.618958,82.479256,Big Ten,15,16,29,100,40,151,.75757575,.72727275,.81818181,.54545456,.53846157,.85714287,.875,1,0,0,0,0,0,0, by more than 10 points.
Illinois St.,128,MVC,20,71.729752,86.807236,MVC,178,177,124,161,142,290,.45161289,.42857143,.5,.33333334,.25,0,.58333331,.54545456,0,0,0,0,0,0, by more than 10 points.
Indiana,130,Big 10,6,82.134094,84.217003,Big Ten,98,98,15,92,23,122,.57575756,.5,.72727275,.40000001,.25,.60000002,.80000001,1,0,0,0,0,0,0, by more than 10 points.
Indiana,130,Big 10,6,82.134094,84.217003,Big Ten,98,98,15,92,23,122,.57575756,.5,.72727275,.40000001,.25,.60000002,.80000001,1,0,0,0,0,0,0, by more than 10 points.
Indiana St.,131,MVC,20,90.668198,81.604462,MVC,29,30,131,165,130,187,.81818181,.82608694,.80000001,.69230771,.2,.80000001,1,.92307693,0,0,0,0,0,0, by more than 10 points.
Indiana St.,131,MVC,20,90.668198,81.604462,MVC,29,30,131,165,130,187,.81818181,.82608694,.80000001,.69230771,.2,.80000001,1,.92307693,0,0,0,0,0,0, by more than 10 points.
Iona,132,MAAC,17,75.6091,80.030701,MAAC,210,210,259,217,305,203,.4848485,.5,.45454547,.38461539,0,0,.33333334,.66666669,0,0,0,0,0,0, by more than 10 points.
Iona,132,MAAC,17,75.6091,80.030701,MAAC,210,210,259,217,305,203,.4848485,.5,.45454547,.38461539,0,0,.33333334,.66666669,0,0,0,0,0,0, by more than 10 points.
Iowa,133,Big 10,6,92.229332,78.962479,Big Ten,62,62,34,102,19,100,.5625,.47619048,.72727275,.33333334,.25,.625,.66666669,1,0,0,0,0,0,0, by more than 10 points.
Iowa,133,Big 10,6,92.229332,78.962479,Big Ten,62,62,34,102,19,100,.5625,.47619048,.72727275,.33333334,.25,.625,.66666669,1,0,0,0,0,0,0, by more than 10 points.
Iowa St.,134,Big 12,7,85.35582,95.424774,Big 12,6,8,59,111,16,324,.79411763,.76190478,.84615386,.5,.625,.85714287,1,1,0,0,0,0,0,0, by more than 10 points.
Iowa St.,134,Big 12,7,85.35582,95.424774,Big 12,6,8,59,111,16,324,.79411763,.76190478,.84615386,.5,.625,.85714287,1,1,0,0,0,0,0,0, by more than 10 points.
Jackson St.,137,SWAC,32,74.896179,75.183556,SWAC,300,300,340,252,251,45,.46875,.57894737,.30769232,.34999999,0,0,.33333334,.59090906,0,0,0,0,0,0, by more than 10 points.
Jacksonville,138,A-Sun,5,71.504501,80.308899,ASUN,275,275,299,232,233,88,.43333334,.36842105,.54545456,.22222222,0,0,.2,.5714286,0,0,0,0,0,0, by more than 10 points.
Jacksonville St.,139,C-USA,13,72.30101,84.615707,CUSA,216,216,236,209,273,302,.37931034,.35294119,.41666666,.33333334,0,0,.45454547,.375,0,0,0,0,0,0, by more than 10 points.
Jacksonville St.,139,C-USA,13,72.30101,84.615707,CUSA,216,216,236,209,273,302,.37931034,.35294119,.41666666,.33333334,0,0,.45454547,.375,0,0,0,0,0,0, by more than 10 points.
James Madison,140,Sunbelt,31,86.20153,82.760887,Sun Belt,52,53,293,230,320,331,.90909094,.85714287,1,.85714287,.5,0,.875,1,0,0,0,0,0,0, by more than 10 points.
James Madison,140,Sunbelt,31,86.20153,82.760887,Sun Belt,52,53,293,230,320,331,.90909094,.85714287,1,.85714287,.5,0,.875,1,0,0,0,0,0,0, by more than 10 points.
Kansas,141,Big 12,7,86.263023,89.056297,Big 12,20,20,7,84,2,36,.67741936,.52631581,.91666669,.30000001,.4375,1,.80000001,1,0,0,0,0,0,0, by more than 10 points.
Kansas,141,Big 12,7,86.263023,89.056297,Big 12,20,20,7,84,2,36,.67741936,.52631581,.91666669,.30000001,.4375,1,.80000001,1,0,0,0,0,0,0, by more than 10 points.
Kansas City,181,Summit,30,74.718002,81.858734,Summit League,233,234,270,222,235,117,.44827586,.58823532,.25,.40000001,0,0,.25,.64705884,0,0,0,0,0,0, by more than 10 points.
Kansas St.,142,Big 12,7,82.354652,87.511177,Big 12,71,70,20,94,12,218,.57575756,.44999999,.76923078,.2,.38461539,.44444445,.83333331,1,0,0,0,0,0,0, by more than 10 points.
Kansas St.,142,Big 12,7,82.354652,87.511177,Big 12,71,70,20,94,12,218,.57575756,.44999999,.76923078,.2,.38461539,.44444445,.83333331,1,0,0,0,0,0,0, by more than 10 points.
Kennesaw St.,143,A-Sun,5,84.502045,68.508354,ASUN,261,260,310,237,347,310,.42857143,.35294119,.54545456,.26666668,0,0,0,.5714286,0,0,0,0,0,0, by more than 10 points.
Kennesaw St.,143,A-Sun,5,84.502045,68.508354,ASUN,261,260,310,237,347,310,.42857143,.35294119,.54545456,.26666668,0,0,0,.5714286,0,0,0,0,0,0, by more than 10 points.
Kent St.,144,MAC,18,78.083176,80.814346,MAC,171,172,186,194,217,108,.46875,.47619048,.45454547,.30769232,0,.25,.27272728,.73333335,0,0,0,0,0,0, by more than 10 points.
Kent St.,144,MAC,18,78.083176,80.814346,MAC,171,172,186,194,217,108,.46875,.47619048,.45454547,.30769232,0,.25,.27272728,.73333335,0,0,0,0,0,0, by more than 10 points.
Kentucky,145,SEC,27,98.024956,77.63726,SEC,19,19,59,111,55,172,.71875,.68421054,.76923078,.69999999,.46153846,.66666669,.8888889,1,0,0,0,0,0,0, by more than 10 points.
Kentucky,145,SEC,27,98.024956,77.63726,SEC,19,19,59,111,55,172,.71875,.68421054,.76923078,.69999999,.46153846,.66666669,.8888889,1,0,0,0,0,0,0, by more than 10 points.
LSU,160,SEC,27,84.648308,82.326103,SEC,94,95,76,116,53,155,.53125,.47368422,.61538464,.30000001,.33333334,.14285715,1,.875,0,0,0,0,0,0, by more than 10 points.
La Salle,146,A-10,1,77.948402,79.815346,Atlantic 10,194,191,128,164,135,312,.46875,.34999999,.66666669,.23076923,0,0,.60000002,.81818181,0,0,0,0,0,0, by more than 10 points.
La Salle,146,A-10,1,77.948402,79.815346,Atlantic 10,194,191,128,164,135,312,.46875,.34999999,.66666669,.23076923,0,0,.60000002,.81818181,0,0,0,0,0,0, by more than 10 points.
Lafayette,147,Patriot,26,68.097221,81.90802,Patriot,313,313,306,235,330,206,.32258064,.52631581,0,.40000001,0,.33333334,0,.5,0,0,0,0,0,0, by more than 10 points.
Lafayette,147,Patriot,26,68.097221,81.90802,Patriot,313,313,306,235,330,206,.32258064,.52631581,0,.40000001,0,.33333334,0,.5,0,0,0,0,0,0, by more than 10 points.
Lamar University,148,Southland,29,78.226166,77.690636,Southland,218,218,343,254,300,300,.54838711,.64999998,.36363637,.3125,0,0,.25,.72727275,0,0,0,0,0,0, by more than 10 points.
Le Moyne,377,NEC,23,73.687965,77.73925,NEC,301,301,360,271,355,252,.41379312,.55555558,.18181819,.2631579,0,0,.16666667,.52380955,0,0,0,0,0,0, by more than 10 points.
Lehigh,149,Patriot,26,77.929192,76.301888,Patriot,267,266,328,245,262,37,.40000001,.52380955,.11111111,.42105263,0,0,.25,.55000001,0,0,0,0,0,0, by more than 10 points.
Lehigh,149,Patriot,26,77.929192,76.301888,Patriot,267,266,328,245,262,37,.40000001,.52380955,.11111111,.42105263,0,0,.25,.55000001,0,0,0,0,0,0, by more than 10 points.
Liberty,150,C-USA,13,77.392319,83.216583,CUSA,141,138,160,185,182,110,.51724136,.41176471,.66666669,.2,0,0,.69230771,.54545456,0,0,0,0,0,0, by more than 10 points.
Liberty,150,C-USA,13,77.392319,83.216583,CUSA,141,138,160,185,182,110,.51724136,.41176471,.66666669,.2,0,0,.69230771,.54545456,0,0,0,0,0,0, by more than 10 points.
Lindenwood,372,OVC,24,67.418587,74.995186,OVC,354,354,338,251,304,161,.21428572,.16666667,.30000001,.2,0,0,0,.27272728,0,0,0,0,0,0, by more than 10 points.
Lipscomb,151,A-Sun,5,83.541351,75.307663,ASUN,166,168,275,224,280,146,.60000002,.64705884,.53846157,.40000001,0,.33333334,.5714286,.72222221,0,0,0,0,0,0, by more than 10 points.
Lipscomb,151,A-Sun,5,83.541351,75.307663,ASUN,166,168,275,224,280,146,.60000002,.64705884,.53846157,.40000001,0,.33333334,.5714286,.72222221,0,0,0,0,0,0, by more than 10 points.
Little Rock,13,OVC,24,80.055252,77.676201,OVC,182,183,350,259,362,360,.63636363,.75,.46153846,.5,0,0,.33333334,.7037037,0,0,0,0,0,0, by more than 10 points.
Little Rock,13,OVC,24,80.055252,77.676201,OVC,182,183,350,259,362,360,.63636363,.75,.46153846,.5,0,0,.33333334,.7037037,0,0,0,0,0,0, by more than 10 points.
Long Beach St.,152,Big West,11,83.540756,76.069557,Big West,170,173,192,196,225,185,.57575756,.56521738,.60000002,.5625,0,.60000002,.58333331,.60000002,0,0,0,0,0,0, by more than 10 points.
Long Beach St.,152,Big West,11,83.540756,76.069557,Big West,170,173,192,196,225,185,.57575756,.56521738,.60000002,.5625,0,.60000002,.58333331,.60000002,0,0,0,0,0,0, by more than 10 points.
Longwood,154,Big South,10,77.056633,82.385399,Big South,162,162,288,228,302,326,.58064514,.47368422,.75,.375,0,.33333334,.5,.68421054,0,0,0,0,0,0, by more than 10 points.
Longwood,154,Big South,10,77.056633,82.385399,Big South,162,162,288,228,302,326,.58064514,.47368422,.75,.375,0,.33333334,.5,.68421054,0,0,0,0,0,0, by more than 10 points.
Louisiana,317,Sunbelt,31,78.957268,81.265007,Sun Belt,150,150,192,196,221,176,.54838711,.55000001,.54545456,.35714287,0,0,.5,.80000001,0,0,0,0,0,0, by more than 10 points.
Louisiana Tech,155,C-USA,13,78.247726,86.626762,CUSA,99,99,186,194,192,91,.65517241,.70588237,.58333331,.53333336,0,.5,.54545456,.92307693,0,0,0,0,0,0, by more than 10 points.
Louisiana Tech,155,C-USA,13,78.247726,86.626762,CUSA,99,99,186,194,192,91,.65517241,.70588237,.58333331,.53333336,0,.5,.54545456,.92307693,0,0,0,0,0,0, by more than 10 points.
Louisville,156,ACC,3,80.908157,77.734612,ACC,217,217,59,111,65,297,.25,.14285715,.45454547,.090909094,0,.11111111,.2857143,.83333331,0,0,0,0,0,0, by more than 10 points.
Louisville,156,ACC,3,80.908157,77.734612,ACC,217,217,59,111,65,297,.25,.14285715,.45454547,.090909094,0,.11111111,.2857143,.83333331,0,0,0,0,0,0, by more than 10 points.
Loyola Chicago,159,A-10,1,79.67009,86.747032,Atlantic 10,85,84,108,149,115,202,.7096774,.78947371,.58333331,.63636363,.25,.5,.89999998,.8888889,0,0,0,0,0,0, by more than 10 points.
Loyola Chicago,159,A-10,1,79.67009,86.747032,Atlantic 10,85,84,108,149,115,202,.7096774,.78947371,.58333331,.63636363,.25,.5,.89999998,.8888889,0,0,0,0,0,0, by more than 10 points.
Loyola Maryland,158,Patriot,26,68.0383,77.026375,Patriot,346,346,340,252,327,189,.19354838,.2631579,.083333336,.27777779,0,0,.2,.22727273,0,0,0,0,0,0, by more than 10 points.
Maine,162,Am. East,4,70.11705,85.017059,America East,234,235,259,217,264,272,.45161289,.41176471,.5,.27777779,0,.25,.14285715,.63157892,0,0,0,0,0,0, by more than 10 points.
Manhattan,163,MAAC,17,71.614433,74.481255,MAAC,335,335,244,211,246,54,.20689656,.19047619,.25,.25,0,0,.1,.29411766,0,0,0,0,0,0, by more than 10 points.
Manhattan,163,MAAC,17,71.614433,74.481255,MAAC,335,335,244,211,246,54,.20689656,.19047619,.25,.25,0,0,.1,.29411766,0,0,0,0,0,0, by more than 10 points.
Marist,164,MAAC,17,68.602776,87.454933,MAAC,195,192,333,248,358,358,.58064514,.59090906,.55555558,.5,0,0,.25,.72727275,0,0,0,0,0,0, by more than 10 points.
Marquette,165,Big East,8,89.595482,87.917183,Big East,13,12,13,91,6,17,.7352941,.69565219,.81818181,.58333331,.52941179,.85714287,1,1,0,0,0,0,0,0, by more than 10 points.
Marquette,165,Big East,8,89.595482,87.917183,Big East,13,12,13,91,6,17,.7352941,.69565219,.81818181,.58333331,.52941179,.85714287,1,1,0,0,0,0,0,0, by more than 10 points.
Marshall,166,Sunbelt,31,77.346672,77.473305,Sun Belt,245,245,153,183,163,162,.375,.40000001,.33333334,.25,0,0,.44444445,.53333336,0,0,0,0,0,0, by more than 10 points.
Marshall,166,Sunbelt,31,77.346672,77.473305,Sun Belt,245,245,153,183,163,162,.375,.40000001,.33333334,.25,0,0,.44444445,.53333336,0,0,0,0,0,0, by more than 10 points.
Maryland,167,Big 10,6,78.585075,90.955467,Big Ten,82,81,55,109,56,308,.4848485,.36363637,.72727275,.33333334,.18181819,.5,.42857143,1,0,0,0,0,0,0, by more than 10 points.
Maryland,167,Big 10,6,78.585075,90.955467,Big Ten,82,81,55,109,56,308,.4848485,.36363637,.72727275,.33333334,.18181819,.5,.42857143,1,0,0,0,0,0,0, by more than 10 points.
Massachusetts,168,A-10,1,83.210617,83.079185,Atlantic 10,91,92,122,158,159,357,.64516127,.57894737,.75,.40000001,.5,.40000001,.5714286,.89999998,0,0,0,0,0,0, by more than 10 points.
Massachusetts,168,A-10,1,83.210617,83.079185,Atlantic 10,91,92,122,158,159,357,.64516127,.57894737,.75,.40000001,.5,.40000001,.5714286,.89999998,0,0,0,0,0,0, by more than 10 points.
McNeese,169,Southland,29,80.987976,86.68203,Southland,56,56,323,244,338,128,.89655173,.94999999,.77777779,.78571427,1,.5,1,.94999999,0,0,0,0,0,0, by more than 10 points.
Memphis,171,AAC,2,88.304321,79.398384,AAC,75,76,95,134,100,86,.6875,.57894737,.84615386,.53846157,.40000001,.5714286,.78571427,.83333331,0,0,0,0,0,0, by more than 10 points.
Memphis,171,AAC,2,88.304321,79.398384,AAC,75,76,95,134,100,86,.6875,.57894737,.84615386,.53846157,.40000001,.5714286,.78571427,.83333331,0,0,0,0,0,0, by more than 10 points.
Mercer,172,Southern,28,75.184212,81.265778,SoCon,215,215,164,186,191,223,.46666667,.44999999,.5,.30769232,0,.33333334,.375,.64285713,0,0,0,0,0,0, by more than 10 points.
Mercer,172,Southern,28,75.184212,81.265778,SoCon,215,215,164,186,191,223,.46666667,.44999999,.5,.30769232,0,.33333334,.375,.64285713,0,0,0,0,0,0, by more than 10 points.
Merrimack,366,NEC,23,71.578056,84.475876,NEC,213,213,351,260,294,77,.61290324,.78947371,.33333334,.4375,0,0,.66666669,.73913044,0,0,0,0,0,0, by more than 10 points.
Michigan,175,Big 10,6,82.179298,80.637154,Big Ten,133,134,1,71,5,41,.25,.14285715,.45454547,.16666667,.2,.11111111,.40000001,.66666669,0,0,0,0,0,0, by more than 10 points.
Michigan,175,Big 10,6,82.179298,80.637154,Big Ten,133,134,1,71,5,41,.25,.14285715,.45454547,.16666667,.2,.11111111,.40000001,.66666669,0,0,0,0,0,0, by more than 10 points.
Michigan St.,176,Big 10,6,82.224182,93.547562,Big Ten,24,25,7,84,14,44,.57575756,.5,.72727275,.30000001,.25,.54545456,1,1,0,0,0,0,0,0, by more than 10 points.
Michigan St.,176,Big 10,6,82.224182,93.547562,Big Ten,24,25,7,84,14,44,.57575756,.5,.72727275,.30000001,.25,.54545456,1,1,0,0,0,0,0,0, by more than 10 points.
Middle Tenn.,191,C-USA,13,71.354607,80.79435,CUSA,288,289,137,171,230,281,.38709676,.44444445,.30769232,.090909094,0,.5,.17647059,.72727275,0,0,0,0,0,0, by more than 10 points.
Milwaukee,353,Horizon,14,83.515594,72.66349,Horizon,214,214,228,206,271,149,.54545456,.625,.33333334,.40000001,0,0,.53333336,.71428573,0,0,0,0,0,0, by more than 10 points.
Milwaukee,353,Horizon,14,83.515594,72.66349,Horizon,214,214,228,206,271,149,.54545456,.625,.33333334,.40000001,0,0,.53333336,.71428573,0,0,0,0,0,0, by more than 10 points.
Minnesota,177,Big 10,6,83.71254,84.307426,Big Ten,89,91,87,127,77,362,.5625,.42857143,.81818181,.2,.1,.625,.60000002,1,0,0,0,0,0,0, by more than 10 points.
Minnesota,177,Big 10,6,83.71254,84.307426,Big Ten,89,91,87,127,77,362,.5625,.42857143,.81818181,.2,.1,.625,.60000002,1,0,0,0,0,0,0, by more than 10 points.
Mississippi St.,179,SEC,27,83.711708,89.51445,SEC,31,32,25,97,28,234,.61764705,.47619048,.84615386,.2,.30769232,.5714286,1,.85714287,0,0,0,0,0,0, by more than 10 points.
Mississippi St.,179,SEC,27,83.711708,89.51445,SEC,31,32,25,97,28,234,.61764705,.47619048,.84615386,.2,.30769232,.5714286,1,.85714287,0,0,0,0,0,0, by more than 10 points.
Mississippi Val.,189,SWAC,32,60.215343,75.256615,SWAC,362,362,272,223,125,4,.032258064,.055555556,0,0,0,0,0,.052631579,0,0,0,0,0,0, by more than 10 points.
Missouri,180,SEC,27,79.805031,81.884377,SEC,158,159,68,112,39,102,.25,0,.61538464,.16666667,.090909094,.1,.2,.83333331,0,0,0,0,0,0, by more than 10 points.
Missouri,180,SEC,27,79.805031,81.884377,SEC,158,159,68,112,39,102,.25,0,.61538464,.16666667,.090909094,.1,.2,.83333331,0,0,0,0,0,0, by more than 10 points.
Missouri St.,182,MVC,20,78.543396,82.082069,MVC,146,147,124,161,123,305,.5151515,.40909091,.72727275,.2857143,.16666667,.40000001,.5,.75,0,0,0,0,0,0, by more than 10 points.
Monmouth,183,CAA,12,77.792435,79.489944,CAA,193,188,196,197,188,136,.54545456,.55000001,.53846157,.13333334,0,0,.55555558,.86666667,0,0,0,0,0,0, by more than 10 points.
Montana,184,Big Sky,9,80.48584,79.53299,Big Sky,144,144,259,217,249,78,.64516127,.66666669,.60000002,.53333336,0,0,.42857143,.80952382,0,0,0,0,0,0, by more than 10 points.
Montana,184,Big Sky,9,80.48584,79.53299,Big Sky,144,144,259,217,249,78,.64516127,.66666669,.60000002,.53333336,0,0,.42857143,.80952382,0,0,0,0,0,0, by more than 10 points.
Montana St.,185,Big Sky,9,78.347153,77.589592,Big Sky,208,208,249,213,307,271,.48387095,.5714286,.30000001,.2857143,0,.33333334,.40000001,.58823532,0,0,0,0,0,0, by more than 10 points.
Montana St.,185,Big Sky,9,78.347153,77.589592,Big Sky,208,208,249,213,307,271,.48387095,.5714286,.30000001,.2857143,0,.33333334,.40000001,.58823532,0,0,0,0,0,0, by more than 10 points.
Morehead St.,186,OVC,24,76.017937,85.982674,OVC,106,105,320,242,267,27,.73333335,.80952382,.55555558,.5625,0,0,.60000002,.90476191,0,0,0,0,0,0, by more than 10 points.
Morehead St.,186,OVC,24,76.017937,85.982674,OVC,106,105,320,242,267,27,.73333335,.80952382,.55555558,.5625,0,0,.60000002,.90476191,0,0,0,0,0,0, by more than 10 points.
Morgan St.,187,MEAC,19,75.049561,70.945671,MEAC,339,339,312,238,223,75,.2857143,.46666667,.07692308,.2,0,0,0,.40000001,0,0,0,0,0,0, by more than 10 points.
Morgan St.,187,MEAC,19,75.049561,70.945671,MEAC,339,339,312,238,223,75,.2857143,.46666667,.07692308,.2,0,0,0,.40000001,0,0,0,0,0,0, by more than 10 points.
Mount St. Mary's,190,MAAC,17,77.813934,77.299896,MAAC,242,243,318,241,335,306,.40625,.42857143,.36363637,.27777779,0,0,.25,.52380955,0,0,0,0,0,0, by more than 10 points.
Murray St.,192,MVC,20,75.980446,84.273155,MVC,169,169,105,146,116,212,.3548387,.42857143,.2,.30769232,0,.33333334,.30769232,.71428573,0,0,0,0,0,0, by more than 10 points.
Murray St.,192,MVC,20,75.980446,84.273155,MVC,169,169,105,146,116,212,.3548387,.42857143,.2,.30769232,0,.33333334,.30769232,.71428573,0,0,0,0,0,0, by more than 10 points.
N.C. A&T,198,CAA,12,70.640793,74.396919,CAA,343,343,236,209,200,130,.21875,.2631579,.15384616,.125,0,0,0,.41176471,0,0,0,0,0,0, by more than 10 points.
N.C. Central,199,MEAC,19,76.786995,77.268402,MEAC,272,272,353,267,329,164,.51851851,.625,.36363637,.40000001,0,0,0,.66666669,0,0,0,0,0,0, by more than 10 points.
NC State,200,ACC,3,86.238968,83.689507,ACC,63,68,59,111,48,188,.6111111,.56,.72727275,.36363637,.27272728,.54545456,.80000001,1,0,0,0,0,0,0, by more than 10 points.
Navy,197,Patriot,26,69.98983,79.448112,Patriot,316,316,361,274,360,338,.40000001,.44999999,.30000001,.1875,0,0,0,.5,0,0,0,0,0,0, by more than 10 points.
Nebraska,203,Big 10,6,87.224655,86.287163,Big Ten,33,31,59,111,68,304,.69696969,.59090906,.90909094,.27272728,.36363637,.625,1,1,0,0,0,0,0,0, by more than 10 points.
Nebraska,203,Big 10,6,87.224655,86.287163,Big Ten,33,31,59,111,68,304,.69696969,.59090906,.90909094,.27272728,.36363637,.625,1,1,0,0,0,0,0,0, by more than 10 points.
Nevada,204,MWC,21,84.197426,87.870445,Mountain West,34,35,93,133,88,247,.78125,.68421054,.92307693,.72727275,.5,1,.8888889,1,0,0,0,0,0,0, by more than 10 points.
Nevada,204,MWC,21,84.197426,87.870445,Mountain West,34,35,93,133,88,247,.78125,.68421054,.92307693,.72727275,.5,1,.8888889,1,0,0,0,0,0,0, by more than 10 points.
New Hampshire,205,Am. East,4,77.373642,77.245995,America East,231,231,225,205,181,105,.5,.44444445,.58333331,.41176471,0,0,.5,.64705884,0,0,0,0,0,0, by more than 10 points.
New Mexico,206,MWC,21,91.098213,83.81263,Mountain West,22,22,85,124,82,273,.7352941,.63636363,.91666669,.45454547,.45454547,.75,.875,.90909094,0,0,0,0,0,0, by more than 10 points.
New Mexico,206,MWC,21,91.098213,83.81263,Mountain West,22,22,85,124,82,273,.7352941,.63636363,.91666669,.45454547,.45454547,.75,.875,.90909094,0,0,0,0,0,0, by more than 10 points.
New Mexico St.,207,C-USA,13,72.165924,79.504524,CUSA,289,290,131,165,143,53,.32142857,.41176471,.18181819,.071428575,0,0,.21428572,.66666669,0,0,0,0,0,0, by more than 10 points.
New Mexico St.,207,C-USA,13,72.165924,79.504524,CUSA,289,290,131,165,143,53,.32142857,.41176471,.18181819,.071428575,0,0,.21428572,.66666669,0,0,0,0,0,0, by more than 10 points.
New Orleans,208,Southland,29,75.028206,69.439491,Southland,340,340,293,230,222,55,.20689656,.25,.11111111,.11764706,0,0,0,.33333334,0,0,0,0,0,0, by more than 10 points.
New Orleans,208,Southland,29,75.028206,69.439491,Southland,340,340,293,230,222,55,.20689656,.25,.11111111,.11764706,0,0,0,.33333334,0,0,0,0,0,0, by more than 10 points.
Niagara,209,MAAC,17,76.559265,76.853714,MAAC,256,256,304,234,348,318,.48387095,.54545456,.33333334,.625,0,0,.5,.52631581,0,0,0,0,0,0, by more than 10 points.
Nicholls,210,Southland,29,77.531425,76.991051,Southland,237,237,272,223,161,22,.54838711,.71428573,.2,.44444445,0,.25,.2,.83333331,0,0,0,0,0,0, by more than 10 points.
Norfolk St.,212,MEAC,19,74.68235,80.287605,MEAC,223,224,343,254,315,150,.62068963,.75,.46153846,.42857143,.5,0,.33333334,.75,0,0,0,0,0,0, by more than 10 points.
Norfolk St.,212,MEAC,19,74.68235,80.287605,MEAC,223,224,343,254,315,150,.62068963,.75,.46153846,.42857143,.5,0,.33333334,.75,0,0,0,0,0,0, by more than 10 points.
North Ala.,365,A-Sun,5,78.464561,75.784912,ASUN,253,253,269,220,232,104,.43333334,.5,.33333334,.27777779,0,0,.14285715,.66666669,0,0,0,0,0,0, by more than 10 points.
North Carolina,213,ACC,3,91.250229,87.957855,ACC,8,7,13,91,31,26,.79411763,.82608694,.72727275,.80000001,.75,.63636363,1,1,0,0,0,0,0,0, by more than 10 points.
North Carolina,213,ACC,3,91.250229,87.957855,ACC,8,7,13,91,31,26,.79411763,.82608694,.72727275,.80000001,.75,.63636363,1,1,0,0,0,0,0,0, by more than 10 points.
North Dakota,214,Summit,30,76.799301,78.943703,Summit League,240,239,323,244,331,314,.51724136,.58823532,.41666666,.46666667,0,0,.33333334,.64999998,0,0,0,0,0,0, by more than 10 points.
North Dakota,214,Summit,30,76.799301,78.943703,Summit League,240,239,323,244,331,314,.51724136,.58823532,.41666666,.46666667,0,0,.33333334,.64999998,0,0,0,0,0,0, by more than 10 points.
North Dakota St.,194,Summit,30,76.591919,76.99453,Summit League,255,255,228,206,231,125,.41379312,.47058824,.33333334,.3125,0,.5,.27272728,.5714286,0,0,0,0,0,0, by more than 10 points.
North Dakota St.,194,Summit,30,76.591919,76.99453,Summit League,255,255,228,206,231,125,.41379312,.47058824,.33333334,.3125,0,.5,.27272728,.5714286,0,0,0,0,0,0, by more than 10 points.
North Florida,215,A-Sun,5,78.423958,75.912048,ASUN,252,252,282,226,290,175,.44827586,.52941179,.33333334,.3125,0,0,0,.68421054,0,0,0,0,0,0, by more than 10 points.
North Florida,215,A-Sun,5,78.423958,75.912048,ASUN,252,252,282,226,290,175,.44827586,.52941179,.33333334,.3125,0,0,0,.68421054,0,0,0,0,0,0, by more than 10 points.
North Texas,216,AAC,2,75.027527,92.373734,AAC,79,79,90,131,101,98,.53333336,.55000001,.5,.5,0,.33333334,.75,.83333331,0,0,0,0,0,0, by more than 10 points.
North Texas,216,AAC,2,75.027527,92.373734,AAC,79,79,90,131,101,98,.53333336,.55000001,.5,.5,0,.33333334,.75,.83333331,0,0,0,0,0,0, by more than 10 points.
Northeastern,217,CAA,12,75.002808,79.649239,CAA,244,244,196,197,216,180,.375,.36842105,.38461539,.23529412,0,0,.21428572,.69230771,0,0,0,0,0,0, by more than 10 points.
Northeastern,217,CAA,12,75.002808,79.649239,CAA,244,244,196,197,216,180,.375,.36842105,.38461539,.23529412,0,0,.21428572,.69230771,0,0,0,0,0,0, by more than 10 points.
Northern Ariz.,218,Big Sky,9,73.360992,75.625717,Big Sky,312,312,249,213,224,145,.42424244,.36842105,.5,.33333334,0,1,.16666667,.64705884,0,0,0,0,0,0, by more than 10 points.
Northern Colo.,193,Big Sky,9,84.793053,72.205238,Big Sky,188,186,293,230,325,301,.56666666,.63157892,.45454547,.46666667,0,0,.375,.69999999,0,0,0,0,0,0, by more than 10 points.
Northern Ky.,196,Horizon,14,77.523033,79.816978,Horizon,183,182,215,202,215,67,.51612902,.59090906,.33333334,.35294119,0,0,.38461539,.84615386,0,0,0,0,0,0, by more than 10 points.
Northwestern,220,Big 10,6,83.29747,88.015289,Big Ten,53,54,74,115,47,330,.65625,.5714286,.81818181,.36363637,.36363637,.625,1,.875,0,0,0,0,0,0, by more than 10 points.
Northwestern,220,Big 10,6,83.29747,88.015289,Big Ten,53,54,74,115,47,330,.65625,.5714286,.81818181,.36363637,.36363637,.625,1,.875,0,0,0,0,0,0, by more than 10 points.
Northwestern St.,221,Southland,29,72.025856,75.403976,Southland,332,332,308,236,253,120,.23333333,.36842105,0,.1875,0,0,0,.34999999,0,0,0,0,0,0, by more than 10 points.
Northwestern St.,221,Southland,29,72.025856,75.403976,Southland,332,332,308,236,253,120,.23333333,.36842105,0,.1875,0,0,0,.34999999,0,0,0,0,0,0, by more than 10 points.
Notre Dame,222,ACC,3,74.075798,89.65966,ACC,124,124,48,106,61,111,.39393941,.36363637,.45454547,.16666667,0,.55555558,.5,.66666669,0,0,0,0,0,0, by more than 10 points.
Notre Dame,222,ACC,3,74.075798,89.65966,ACC,124,124,48,106,61,111,.39393941,.36363637,.45454547,.16666667,0,.55555558,.5,.66666669,0,0,0,0,0,0, by more than 10 points.
Oakland,223,Horizon,14,80.404778,81.291458,Horizon,126,126,181,191,157,14,.67647058,.78260869,.45454547,.5625,.16666667,1,.53846157,1,0,0,0,0,0,0, by more than 10 points.
Oakland,223,Horizon,14,80.404778,81.291458,Horizon,126,126,181,191,157,14,.67647058,.78260869,.45454547,.5625,.16666667,1,.53846157,1,0,0,0,0,0,0, by more than 10 points.
Ohio,224,MAC,18,80.232826,80.410484,MAC,139,140,259,217,342,347,.59375,.69999999,.41666666,.41666666,0,0,.35714287,.875,0,0,0,0,0,0, by more than 10 points.
Ohio,224,MAC,18,80.232826,80.410484,MAC,139,140,259,217,342,347,.59375,.69999999,.41666666,.41666666,0,0,.35714287,.875,0,0,0,0,0,0, by more than 10 points.
Ohio St.,225,Big 10,6,83.888962,88.113518,Big Ten,49,50,32,101,58,251,.60606062,.45454547,.90909094,.2,.30000001,.375,.89999998,1,0,0,0,0,0,0, by more than 10 points.
Ohio St.,225,Big 10,6,83.888962,88.113518,Big Ten,49,50,32,101,58,251,.60606062,.45454547,.90909094,.2,.30000001,.375,.89999998,1,0,0,0,0,0,0, by more than 10 points.
Oklahoma,227,Big 12,7,84.707855,87.917114,Big 12,46,46,52,108,21,274,.625,.42105263,.92307693,.33333334,.25,1,1,1,0,0,0,0,0,0, by more than 10 points.
Oklahoma,227,Big 12,7,84.707855,87.917114,Big 12,46,46,52,108,21,274,.625,.42105263,.92307693,.33333334,.25,1,1,1,0,0,0,0,0,0, by more than 10 points.
Oklahoma St.,228,Big 12,7,81.129036,83.816391,Big 12,123,123,50,107,30,325,.375,.21052632,.61538464,.1,.14285715,.14285715,.75,.85714287,0,0,0,0,0,0, by more than 10 points.
Oklahoma St.,228,Big 12,7,81.129036,83.816391,Big 12,123,123,50,107,30,325,.375,.21052632,.61538464,.1,.14285715,.14285715,.75,.85714287,0,0,0,0,0,0, by more than 10 points.
Old Dominion,229,Sunbelt,31,76.082306,75.918236,Sun Belt,293,293,174,188,194,221,.19354838,.15789473,.25,.07692308,0,0,.2857143,.26666668,0,0,0,0,0,0, by more than 10 points.
Old Dominion,229,Sunbelt,31,76.082306,75.918236,Sun Belt,293,293,174,188,194,221,.19354838,.15789473,.25,.07692308,0,0,.2857143,.26666668,0,0,0,0,0,0, by more than 10 points.
Ole Miss,178,SEC,27,83.508217,83.52282,SEC,90,93,52,108,64,315,.625,.36842105,1,.36363637,.27272728,.42857143,1,1,0,0,0,0,0,0, by more than 10 points.
Omaha,202,Summit,30,76.785942,77.347847,Summit League,270,270,293,230,287,177,.37931034,.44444445,.27272728,.13333334,0,0,.16666667,.52631581,0,0,0,0,0,0, by more than 10 points.
Oral Roberts,230,Summit,30,76.48391,76.693741,Summit League,276,277,210,200,204,57,.32142857,.33333334,.30000001,.13333334,0,0,.22222222,.53846157,0,0,0,0,0,0, by more than 10 points.
Oral Roberts,230,Summit,30,76.48391,76.693741,Summit League,276,277,210,200,204,57,.32142857,.33333334,.30000001,.13333334,0,0,.22222222,.53846157,0,0,0,0,0,0, by more than 10 points.
Oregon,231,Pac 12,25,84.096275,86.131134,Pac-12,59,61,36,103,72,244,.67647058,.65217394,.72727275,.54545456,.40000001,.55555558,.8888889,1,0,0,0,0,0,0, by more than 10 points.
Oregon,231,Pac 12,25,84.096275,86.131134,Pac-12,59,61,36,103,72,244,.67647058,.65217394,.72727275,.54545456,.40000001,.55555558,.8888889,1,0,0,0,0,0,0, by more than 10 points.
Oregon St.,232,Pac 12,25,77.749474,83.691162,Pac-12,165,165,29,100,74,140,.38709676,.23809524,.69999999,.1,.1,.30000001,.5,1,0,0,0,0,0,0, by more than 10 points.
Oregon St.,232,Pac 12,25,77.749474,83.691162,Pac-12,165,165,29,100,74,140,.38709676,.23809524,.69999999,.1,.1,.30000001,.5,1,0,0,0,0,0,0, by more than 10 points.
Pacific,233,WCC,34,70.28611,71.379227,WCC,359,359,155,184,138,334,.13333334,0,.30769232,.071428575,0,.33333334,0,.2,0,0,0,0,0,0, by more than 10 points.
Pacific,233,WCC,34,70.28611,71.379227,WCC,359,359,155,184,138,334,.13333334,0,.30769232,.071428575,0,.33333334,0,.2,0,0,0,0,0,0, by more than 10 points.
Penn,234,Ivy,16,78.720406,77.967865,Ivy League,212,211,128,164,104,61,.33333334,.21428572,.46153846,.16666667,0,.2,.125,.69999999,0,0,0,0,0,0, by more than 10 points.
Penn,234,Ivy,16,78.720406,77.967865,Ivy League,212,211,128,164,104,61,.33333334,.21428572,.46153846,.16666667,0,.2,.125,.69999999,0,0,0,0,0,0, by more than 10 points.
Penn St.,235,Big 10,6,84.858795,82.996338,Big Ten,86,87,55,109,69,285,.4848485,.45454547,.54545456,.2,.2,.40000001,.71428573,.83333331,0,0,0,0,0,0, by more than 10 points.
Penn St.,235,Big 10,6,84.858795,82.996338,Big Ten,86,87,55,109,69,285,.4848485,.45454547,.54545456,.2,.2,.40000001,.71428573,.83333331,0,0,0,0,0,0, by more than 10 points.
Pepperdine,236,WCC,34,78.408043,78.174484,WCC,226,226,143,175,105,138,.3548387,.33333334,.38461539,.27272728,0,0,.33333334,.64285713,0,0,0,0,0,0, by more than 10 points.
Pittsburgh,237,ACC,3,83.530396,89.359612,ACC,40,41,80,120,78,343,.66666669,.59090906,.81818181,.63636363,.40000001,.625,.75,1,0,0,0,0,0,0, by more than 10 points.
Pittsburgh,237,ACC,3,83.530396,89.359612,ACC,40,41,80,120,78,343,.66666669,.59090906,.81818181,.63636363,.40000001,.625,.75,1,0,0,0,0,0,0, by more than 10 points.
Portland,238,WCC,34,76.582901,74.449509,WCC,295,297,131,165,111,254,.32258064,.33333334,.30769232,.15384616,0,0,.5,.5,0,0,0,0,0,0, by more than 10 points.
Portland St.,239,Big Sky,9,75.297638,78.468437,Big Sky,247,247,272,223,316,298,.48275861,.42105263,.60000002,.3125,0,0,.35714287,.64285713,0,0,0,0,0,0, by more than 10 points.
Portland St.,239,Big Sky,9,75.297638,78.468437,Big Sky,247,247,272,223,316,298,.48275861,.42105263,.60000002,.3125,0,0,.35714287,.64285713,0,0,0,0,0,0, by more than 10 points.
Prairie View,240,SWAC,32,72.175095,73.156303,SWAC,327,327,328,245,240,33,.27586207,.27777779,.27272728,.21052632,0,0,.66666669,.2857143,0,0,0,0,0,0, by more than 10 points.
Presbyterian,241,Big South,10,75.378761,77.587845,Big South,281,279,285,227,326,340,.37931034,.35294119,.41666666,.35714287,0,0,.22222222,.5,0,0,0,0,0,0, by more than 10 points.
Princeton,242,Ivy,16,82.514931,84.724556,Ivy League,55,48,148,179,193,196,.84615386,.80000001,.90909094,.78571427,0,.40000001,.91666669,1,0,0,0,0,0,0, by more than 10 points.
Princeton,242,Ivy,16,82.514931,84.724556,Ivy League,55,48,148,179,193,196,.84615386,.80000001,.90909094,.78571427,0,.40000001,.91666669,1,0,0,0,0,0,0, by more than 10 points.
Providence,243,Big East,8,82.037476,88.566078,Big East,57,57,59,111,34,227,.61764705,.52173913,.81818181,.36363637,.40000001,.42857143,1,1,0,0,0,0,0,0, by more than 10 points.
Providence,243,Big East,8,82.037476,88.566078,Big East,57,57,59,111,34,227,.61764705,.52173913,.81818181,.36363637,.40000001,.42857143,1,1,0,0,0,0,0,0, by more than 10 points.
Purdue,244,Big 10,6,93.492569,88.69809,Big Ten,3,3,2,74,7,9,.87878788,.81818181,1,.69999999,.75,1,1,1,0,0,0,0,0,0, by more than 10 points.
Purdue,244,Big 10,6,93.492569,88.69809,Big Ten,3,3,2,74,7,9,.87878788,.81818181,1,.69999999,.75,1,1,1,0,0,0,0,0,0, by more than 10 points.
Purdue Fort Wayne,135,Horizon,14,80.873924,79.251495,Horizon,157,157,308,236,317,299,.61290324,.54545456,.77777779,.53333336,0,.33333334,.5,.77777779,0,0,0,0,0,0, by more than 10 points.
Quinnipiac,245,MAAC,17,81.767731,77.021385,MAAC,160,161,316,240,344,292,.71875,.72727275,.69999999,.66666669,0,0,.5714286,.82608694,0,0,0,0,0,0, by more than 10 points.
Quinnipiac,245,MAAC,17,81.767731,77.021385,MAAC,160,161,316,240,344,292,.71875,.72727275,.69999999,.66666669,0,0,.5714286,.82608694,0,0,0,0,0,0, by more than 10 points.
Radford,246,Big South,10,74.818672,80.226418,Big South,236,236,232,207,184,114,.45161289,.33333334,.61538464,.25,0,0,.5714286,.55555558,0,0,0,0,0,0, by more than 10 points.
Radford,246,Big South,10,74.818672,80.226418,Big South,236,236,232,207,184,114,.45161289,.33333334,.61538464,.25,0,0,.5714286,.55555558,0,0,0,0,0,0, by more than 10 points.
Rhode Island,247,A-10,1,79.69738,76.838562,Atlantic 10,211,212,96,135,108,168,.3548387,.31578946,.41666666,.27272728,0,.14285715,.45454547,.55555558,0,0,0,0,0,0, by more than 10 points.
Rhode Island,247,A-10,1,79.69738,76.838562,Atlantic 10,211,212,96,135,108,168,.3548387,.31578946,.41666666,.27272728,0,.14285715,.45454547,.55555558,0,0,0,0,0,0, by more than 10 points.
Rice,248,AAC,2,77.110962,79.220589,AAC,241,241,114,153,106,65,.32258064,.2631579,.41666666,.41666666,.2,.16666667,.11111111,.63636363,0,0,0,0,0,0, by more than 10 points.
Richmond,249,A-10,1,79.029091,87.891464,Atlantic 10,73,74,112,151,112,179,.71875,.78947371,.61538464,.58333331,.25,.55555558,.81818181,1,0,0,0,0,0,0, by more than 10 points.
Richmond,249,A-10,1,79.029091,87.891464,Atlantic 10,73,74,112,151,112,179,.71875,.78947371,.61538464,.58333331,.25,.55555558,.81818181,1,0,0,0,0,0,0, by more than 10 points.
Rider,250,MAAC,17,77.457703,78.855209,MAAC,220,221,222,204,195,24,.45161289,.5714286,.2,.33333334,0,0,.30000001,.6875,0,0,0,0,0,0, by more than 10 points.
Robert Morris,251,Horizon,14,75.357445,75.67305,Horizon,306,306,219,203,252,160,.26666668,.2857143,.22222222,.1875,0,0,.07692308,.53846157,0,0,0,0,0,0, by more than 10 points.
Robert Morris,251,Horizon,14,75.357445,75.67305,Horizon,306,306,219,203,252,160,.26666668,.2857143,.22222222,.1875,0,0,.07692308,.53846157,0,0,0,0,0,0, by more than 10 points.
Rutgers,252,Big 10,6,74.990631,90.907288,Big Ten,103,103,28,99,22,154,.46875,.33333334,.72727275,.25,.15384616,.5,.5,1,0,0,0,0,0,0, by more than 10 points.
Rutgers,252,Big 10,6,74.990631,90.907288,Big Ten,103,103,28,99,22,154,.46875,.33333334,.72727275,.25,.15384616,.5,.5,1,0,0,0,0,0,0, by more than 10 points.
SMU,273,AAC,2,82.781502,86.285149,AAC,65,64,114,153,124,167,.61290324,.57894737,.66666669,.41666666,0,.2857143,.80000001,.89999998,0,0,0,0,0,0, by more than 10 points.
Sacramento St.,69,Big Sky,9,68.289909,82.120094,Big Sky,317,317,215,202,278,200,.25,.2857143,.18181819,.13333334,0,0,.2857143,.25,0,0,0,0,0,0, by more than 10 points.
Sacred Heart,256,NEC,23,76.44738,75.027901,NEC,286,286,356,269,354,268,.46666667,.58823532,.30769232,.26666668,0,0,0,.56,0,0,0,0,0,0, by more than 10 points.
Saint Joseph's,285,A-10,1,83.127647,82.427437,Atlantic 10,92,85,117,154,107,220,.61764705,.52380955,.76923078,.25,.2,.44444445,.625,.91666669,0,0,0,0,0,0, by more than 10 points.
Saint Louis,286,A-10,1,83.652458,73.963379,Atlantic 10,197,196,83,121,93,132,.375,.30000001,.5,.25,0,.1,.54545456,.83333331,0,0,0,0,0,0, by more than 10 points.
Saint Louis,286,A-10,1,83.652458,73.963379,Atlantic 10,197,196,83,121,93,132,.375,.30000001,.5,.25,0,.1,.54545456,.83333331,0,0,0,0,0,0, by more than 10 points.
Saint Mary's (CA),287,WCC,34,80.230553,95.595825,WCC,16,15,106,147,102,80,.78125,.94444442,.5714286,1,.625,.60000002,.71428573,1,0,0,0,0,0,0, by more than 10 points.
Saint Peter's,288,MAAC,17,69.67115,87.680351,MAAC,189,194,275,224,318,186,.58064514,.65217394,.375,.5,0,0,.33333334,.78947371,0,0,0,0,0,0, by more than 10 points.
Sam Houston,257,C-USA,13,77.957176,82.464264,CUSA,152,152,186,194,198,133,.61290324,.77777779,.38461539,.4375,0,.25,.60000002,.80000001,0,0,0,0,0,0, by more than 10 points.
Samford,258,Southern,28,89.398598,77.666771,SoCon,74,75,210,200,260,261,.84375,.85714287,.81818181,.61538464,0,1,.76923078,1,0,0,0,0,0,0, by more than 10 points.
Samford,258,Southern,28,89.398598,77.666771,SoCon,74,75,210,200,260,261,.84375,.85714287,.81818181,.61538464,0,1,.76923078,1,0,0,0,0,0,0, by more than 10 points.
San Diego,259,WCC,34,77.972397,75.227058,WCC,254,254,146,178,131,316,.51612902,.44444445,.61538464,.36363637,0,.25,.42857143,.85714287,0,0,0,0,0,0, by more than 10 points.
San Diego,259,WCC,34,77.972397,75.227058,WCC,254,254,146,178,131,316,.51612902,.44444445,.61538464,.36363637,0,.25,.42857143,.85714287,0,0,0,0,0,0, by more than 10 points.
San Diego St.,260,MWC,21,83.399918,90.892433,Mountain West,21,18,19,93,25,15,.6875,.61904764,.81818181,.42857143,.30769232,.85714287,1,1,0,0,0,0,0,0, by more than 10 points.
San Diego St.,260,MWC,21,83.399918,90.892433,Mountain West,21,18,19,93,25,15,.6875,.61904764,.81818181,.42857143,.30769232,.85714287,1,1,0,0,0,0,0,0, by more than 10 points.
San Francisco,261,WCC,34,82.159752,86.076477,WCC,66,65,168,187,118,216,.6875,.66666669,.71428573,.54545456,0,.33333334,1,1,0,0,0,0,0,0, by more than 10 points.
San Francisco,261,WCC,34,82.159752,86.076477,WCC,66,65,168,187,118,216,.6875,.66666669,.71428573,.54545456,0,.33333334,1,1,0,0,0,0,0,0, by more than 10 points.
San Jose St.,262,MWC,21,76.221909,79.323105,Mountain West,243,242,100,138,89,313,.25806451,.10526316,.5,.07692308,0,0,.25,.60000002,0,0,0,0,0,0, by more than 10 points.
Santa Clara,264,WCC,34,83.25766,81.186806,WCC,104,104,135,166,95,95,.59375,.6111111,.5714286,.45454547,.22222222,.66666669,.66666669,.78571427,0,0,0,0,0,0, by more than 10 points.
Seattle U,269,WAC,33,78.636475,84.387054,WAC,119,119,174,188,210,235,.5625,.54545456,.60000002,.30769232,0,.33333334,.40000001,.86666667,0,0,0,0,0,0, by more than 10 points.
Seton Hall,270,Big East,8,82.134743,87.534683,Big East,67,66,68,112,32,228,.625,.61904764,.63636363,.41666666,.38461539,.5714286,.66666669,1,0,0,0,0,0,0, by more than 10 points.
Seton Hall,270,Big East,8,82.134743,87.534683,Big East,67,66,68,112,32,228,.625,.61904764,.63636363,.41666666,.38461539,.5714286,.66666669,1,0,0,0,0,0,0, by more than 10 points.
Siena,272,MAAC,17,65.282684,77.282852,MAAC,353,353,247,212,299,230,.125,.14285715,.090909094,.13333334,0,0,0,.2,0,0,0,0,0,0, by more than 10 points.
Siena,272,MAAC,17,65.282684,77.282852,MAAC,353,353,247,212,299,230,.125,.14285715,.090909094,.13333334,0,0,0,.2,0,0,0,0,0,0, by more than 10 points.
South Alabama,274,Sunbelt,31,77.829971,77.284058,Sun Belt,248,248,242,210,243,263,.48275861,.42105263,.60000002,.35714287,0,0,.30000001,.73333335,0,0,0,0,0,0, by more than 10 points.
South Alabama,274,Sunbelt,31,77.829971,77.284058,Sun Belt,248,248,242,210,243,263,.48275861,.42105263,.60000002,.35714287,0,0,.30000001,.73333335,0,0,0,0,0,0, by more than 10 points.
South Carolina,275,SEC,27,79.626183,90.416,SEC,51,52,87,127,70,289,.78787881,.69999999,.92307693,.72727275,.54545456,1,.75,1,0,0,0,0,0,0, by more than 10 points.
South Carolina,275,SEC,27,79.626183,90.416,SEC,51,52,87,127,70,289,.78787881,.69999999,.92307693,.72727275,.54545456,1,.75,1,0,0,0,0,0,0, by more than 10 points.
South Carolina St.,253,MEAC,19,73.454185,76.699814,MEAC,296,295,312,238,247,106,.40000001,.60000002,.2,.27777779,0,0,0,.63157892,0,0,0,0,0,0, by more than 10 points.
South Dakota,276,Summit,30,78.129898,70.36261,Summit League,322,322,303,233,350,341,.31034482,.29411766,.33333334,.14285715,0,0,.125,.42105263,0,0,0,0,0,0, by more than 10 points.
South Dakota St.,254,Summit,30,80.58709,80.761627,Summit League,135,135,242,210,312,213,.61290324,.78947371,.33333334,.54545456,0,0,.63636363,.70588237,0,0,0,0,0,0, by more than 10 points.
South Dakota St.,254,Summit,30,80.58709,80.761627,Summit League,135,135,242,210,312,213,.61290324,.78947371,.33333334,.54545456,0,0,.63636363,.70588237,0,0,0,0,0,0, by more than 10 points.
South Fla.,277,AAC,2,81.624069,84.940598,AAC,78,73,138,172,189,321,.77419353,.85000002,.63636363,.63636363,1,.625,.80000001,.83333331,0,0,0,0,0,0, by more than 10 points.
Southeast Mo. St.,268,OVC,24,68.726654,74.52829,OVC,351,351,299,232,297,144,.18518518,.22222222,.11111111,.06666667,0,0,0,.29411766,0,0,0,0,0,0, by more than 10 points.
Southeastern La.,267,Southland,29,70.111816,80.018692,Southland,307,307,299,232,190,31,.41379312,.52631581,.2,.375,0,.25,.25,.55555558,0,0,0,0,0,0, by more than 10 points.
Southern California,324,Pac 12,25,83.362312,84.240379,Pac-12,88,90,20,94,45,50,.45454547,.40909091,.54545456,.25,.18181819,.5,.5714286,.80000001,0,0,0,0,0,0, by more than 10 points.
Southern Ill.,255,MVC,20,78.16552,84.850784,MVC,116,116,131,165,149,351,.58064514,.52380955,.69999999,.45454547,.25,0,.60000002,.91666669,0,0,0,0,0,0, by more than 10 points.
Southern Ind.,374,OVC,24,72.323059,75.025208,OVC,329,329,290,229,226,46,.1724138,.2631579,0,.1875,0,.5,0,.22222222,0,0,0,0,0,0, by more than 10 points.
Southern Miss.,278,Sunbelt,31,74.757973,80.292465,Sun Belt,239,240,204,199,259,210,.46666667,.47368422,.45454547,.35714287,0,.5,.45454547,.5,0,0,0,0,0,0, by more than 10 points.
Southern U.,279,SWAC,32,71.127594,81.200066,SWAC,257,257,330,246,156,3,.51724136,.63157892,.30000001,.3888889,.2,1,0,.59090906,0,0,0,0,0,0, by more than 10 points.
Southern Utah,280,WAC,33,79.458839,74.991577,WAC,271,271,164,186,173,135,.27586207,.25,.33333334,.1875,0,0,.22222222,.46153846,0,0,0,0,0,0, by more than 10 points.
St. Bonaventure,281,A-10,1,81.612267,84.375031,Atlantic 10,87,82,108,149,114,265,.60606062,.52380955,.75,.45454547,.2,.5,.72727275,.72727275,0,0,0,0,0,0, by more than 10 points.
St. Bonaventure,281,A-10,1,81.612267,84.375031,Atlantic 10,87,82,108,149,114,265,.60606062,.52380955,.75,.45454547,.2,.5,.72727275,.72727275,0,0,0,0,0,0, by more than 10 points.
Stanford,289,Pac 12,25,84.98555,80.787704,Pac-12,113,113,68,112,84,266,.4375,.40909091,.5,.27272728,.125,.5,.45454547,.80000001,0,0,0,0,0,0, by more than 10 points.
Stanford,289,Pac 12,25,84.98555,80.787704,Pac-12,113,113,68,112,84,266,.4375,.40909091,.5,.27272728,.125,.5,.45454547,.80000001,0,0,0,0,0,0, by more than 10 points.
Stetson,290,A-Sun,5,78.911354,76.994904,ASUN,209,209,275,224,242,62,.61290324,.7368421,.41666666,.375,.33333334,0,1,.68000001,0,0,0,0,0,0, by more than 10 points.
Stonehill,375,NEC,23,67.638588,74.100677,NEC,355,355,310,237,227,81,.1,.125,.071428575,0,0,0,0,.16666667,0,0,0,0,0,0, by more than 10 points.
Stony Brook,291,CAA,12,79.845642,78.532562,CAA,174,174,177,190,165,84,.55882353,.59090906,.5,.26666668,0,0,.375,.8888889,0,0,0,0,0,0, by more than 10 points.
Stony Brook,291,CAA,12,79.845642,78.532562,CAA,174,174,177,190,165,84,.55882353,.59090906,.5,.26666668,0,0,.375,.8888889,0,0,0,0,0,0, by more than 10 points.
Syracuse,292,ACC,3,84.982155,81.581497,ACC,84,86,20,94,43,97,.61290324,.52380955,.80000001,.36363637,.30000001,.5,.8888889,1,0,0,0,0,0,0, by more than 10 points.
Syracuse,292,ACC,3,84.982155,81.581497,ACC,84,86,20,94,43,97,.61290324,.52380955,.80000001,.36363637,.30000001,.5,.8888889,1,0,0,0,0,0,0, by more than 10 points.
TCU,294,Big 12,7,88.944283,85.028336,Big 12,42,43,80,120,26,328,.63636363,.5,.84615386,.54545456,.3125,.75,1,1,0,0,0,0,0,0, by more than 10 points.
Tarleton St.,369,WAC,33,79.190834,82.193733,WAC,145,145,160,185,155,49,.68965518,.76190478,.5,.66666669,0,1,.75,.78571427,0,0,0,0,0,0, by more than 10 points.
Temple,295,AAC,2,76.486732,81.751488,AAC,187,198,124,161,133,253,.44117647,.40909091,.5,.41666666,.2,.33333334,.33333334,.64285713,0,0,0,0,0,0, by more than 10 points.
Temple,295,AAC,2,76.486732,81.751488,AAC,187,198,124,161,133,253,.44117647,.40909091,.5,.41666666,.2,.33333334,.33333334,.64285713,0,0,0,0,0,0, by more than 10 points.
Tennessee,296,SEC,27,88.44738,91.608604,SEC,7,6,9,87,10,16,.75,.7368421,.76923078,.72727275,.53333336,.83333331,1,1,0,0,0,0,0,0, by more than 10 points.
Tennessee,296,SEC,27,88.44738,91.608604,SEC,7,6,9,87,10,16,.75,.7368421,.76923078,.72727275,.53333336,.83333331,1,1,0,0,0,0,0,0, by more than 10 points.
Tennessee St.,297,OVC,24,74.006424,77.500664,OVC,282,281,330,246,322,153,.48275861,.55000001,.33333334,.33333334,0,0,0,.66666669,0,0,0,0,0,0, by more than 10 points.
Tennessee Tech,298,OVC,24,68.618675,77.561455,OVC,336,336,297,231,309,184,.25,.27777779,.2,.1875,0,0,0,.3888889,0,0,0,0,0,0, by more than 10 points.
Tex. A&M-Commerce,376,Southland,29,70.647064,75.839996,Southland,333,333,268,219,151,10,.33333334,.34999999,.30000001,.25,0,.5,0,.5,0,0,0,0,0,0, by more than 10 points.
Texas,299,Big 12,7,86.924416,87.401222,Big 12,30,29,36,103,17,208,.625,.47368422,.84615386,.40000001,.35714287,.60000002,.83333331,1,0,0,0,0,0,0, by more than 10 points.
Texas,299,Big 12,7,86.924416,87.401222,Big 12,30,29,36,103,17,208,.625,.47368422,.84615386,.40000001,.35714287,.60000002,.83333331,1,0,0,0,0,0,0, by more than 10 points.
Texas A&M,300,SEC,27,83.220993,87.896263,SEC,45,42,36,103,18,21,.58823532,.52380955,.69230771,.5,.5,.66666669,.33333334,1,0,0,0,0,0,0, by more than 10 points.
Texas A&M,300,SEC,27,83.220993,87.896263,SEC,45,42,36,103,18,21,.58823532,.52380955,.69230771,.5,.5,.66666669,.33333334,1,0,0,0,0,0,0, by more than 10 points.
Texas Southern,310,SWAC,32,73.212524,79.322739,SWAC,278,276,335,250,201,6,.48387095,.66666669,.1,.375,0,0,0,.625,0,0,0,0,0,0, by more than 10 points.
Texas Southern,310,SWAC,32,73.212524,79.322739,SWAC,278,276,335,250,201,6,.48387095,.66666669,.1,.375,0,0,0,.625,0,0,0,0,0,0, by more than 10 points.
Texas St.,301,Sunbelt,31,73.57135,83.929688,Sun Belt,206,206,151,182,139,30,.45454547,.45454547,.45454547,.3125,0,.5,.41666666,.61538464,0,0,0,0,0,0, by more than 10 points.
Texas Tech,302,Big 12,7,86.646431,87.83448,Big 12,28,27,29,100,29,311,.69696969,.60000002,.84615386,.40000001,.40000001,.80000001,1,1,0,0,0,0,0,0, by more than 10 points.
Texas Tech,302,Big 12,7,86.646431,87.83448,Big 12,28,27,29,100,29,311,.69696969,.60000002,.84615386,.40000001,.40000001,.80000001,1,1,0,0,0,0,0,0, by more than 10 points.
The Citadel,53,Southern,28,73.721214,80.48732,SoCon,263,263,168,187,205,260,.27586207,.15789473,.5,.13333334,0,.2,.1,.5,0,0,0,0,0,0, by more than 10 points.
Toledo,304,MAC,18,85.223038,76.127228,MAC,130,130,176,189,206,101,.625,.7368421,.46153846,.61538464,0,.33333334,.61538464,.84615386,0,0,0,0,0,0, by more than 10 points.
Towson,305,CAA,12,72.092506,88.859184,CAA,149,149,177,190,169,99,.57575756,.61904764,.5,.5,0,.2,.55555558,.8125,0,0,0,0,0,0, by more than 10 points.
Troy,306,Sunbelt,31,82.000824,80.257805,Sun Belt,137,136,228,206,284,199,.58620691,.68421054,.40000001,.35714287,0,.5,.27272728,.86666667,0,0,0,0,0,0, by more than 10 points.
Troy,306,Sunbelt,31,82.000824,80.257805,Sun Belt,137,136,228,206,284,199,.58620691,.68421054,.40000001,.35714287,0,.5,.27272728,.86666667,0,0,0,0,0,0, by more than 10 points.
Tulane,307,AAC,2,88.5065,73.724182,AAC,138,137,104,144,113,288,.43333334,.2631579,.72727275,.2,0,.125,.5,.875,0,0,0,0,0,0, by more than 10 points.
Tulsa,308,AAC,2,79.811447,77.940926,AAC,198,197,155,184,209,359,.5,.36842105,.72727275,.18181819,0,0,.42857143,.81818181,0,0,0,0,0,0, by more than 10 points.
Tulsa,308,AAC,2,79.811447,77.940926,AAC,198,197,155,184,209,359,.5,.36842105,.72727275,.18181819,0,0,.42857143,.81818181,0,0,0,0,0,0, by more than 10 points.
UAB,311,AAC,2,84.896622,79.707428,AAC,105,107,96,135,110,207,.65625,.69999999,.58333331,.58333331,0,.69999999,.80000001,.75,0,0,0,0,0,0, by more than 10 points.
UC Davis,312,Big West,11,75.851395,83.610802,Big West,168,166,215,202,282,287,.58064514,.68181819,.33333334,.5714286,0,.5,.53846157,.66666669,0,0,0,0,0,0, by more than 10 points.
UC Irvine,313,Big West,11,82.824669,84.742241,Big West,77,78,181,191,174,40,.71875,.80952382,.54545456,.5,0,.33333334,.69999999,.9375,0,0,0,0,0,0, by more than 10 points.
UC Santa Barbara,263,Big West,11,78.515785,78.867172,Big West,207,207,228,206,283,296,.48275861,.42857143,.625,.46153846,0,0,.45454547,.60000002,0,0,0,0,0,0, by more than 10 points.
UCF,315,Big 12,7,81.407196,89.754433,Big 12,61,59,52,108,35,350,.53125,.40000001,.75,.30000001,.2857143,.5,.66666669,.875,0,0,0,0,0,0, by more than 10 points.
UCLA,316,Pac 12,25,74.44062,91.356277,Pac-12,107,106,68,112,67,72,.46875,.5,.40000001,.45454547,.090909094,.75,.42857143,.83333331,0,0,0,0,0,0, by more than 10 points.
UConn,62,Big East,8,90.073868,93.361847,Big East,2,2,77,117,24,69,.91176468,.9130435,.90909094,.75,.8125,1,1,1,0,0,0,0,0,0, by more than 10 points.
UMBC,319,Am. East,4,83.155571,70.05703,America East,283,284,285,227,311,337,.32258064,.35294119,.2857143,.29411766,0,0,.1,.5,0,0,0,0,0,0, by more than 10 points.
UNC Asheville,320,Big South,10,80.549934,78.959167,Big South,163,163,192,196,238,139,.61290324,.7368421,.41666666,.41666666,0,.2,.54545456,.85714287,0,0,0,0,0,0, by more than 10 points.
UNC Greensboro,321,Southern,28,77.504868,82.98053,SoCon,132,132,177,190,218,250,.63333333,.63157892,.63636363,.5,0,.5,.58333331,.83333331,0,0,0,0,0,0, by more than 10 points.
UNLV,323,MWC,21,80.887032,87.118225,Mountain West,76,77,78,118,79,121,.58620691,.63157892,.5,.69999999,.5,.2,1,.625,0,0,0,0,0,0, by more than 10 points.
UT Arlington,325,WAC,33,83.916321,78.930641,WAC,129,129,140,173,120,8,.5625,.65217394,.33333334,.33333334,0,.33333334,.44444445,.9285714,0,0,0,0,0,0, by more than 10 points.
UTEP,330,C-USA,13,75.420547,82.875626,CUSA,184,179,160,185,261,291,.48387095,.47368422,.5,.18181819,0,0,.4375,.66666669,0,0,0,0,0,0, by more than 10 points.
UTSA,326,AAC,2,83.398575,71.534775,AAC,262,262,149,180,177,352,.32258064,.2631579,.41666666,.26666668,.5,.2,.083333336,.58333331,0,0,0,0,0,0, by more than 10 points.
Utah,327,Pac 12,25,87.674515,84.669754,Pac-12,48,49,27,98,44,28,.57575756,.45454547,.81818181,.18181819,.30769232,.5714286,.75,1,0,0,0,0,0,0, by more than 10 points.
Utah,327,Pac 12,25,87.674515,84.669754,Pac-12,48,49,27,98,44,28,.57575756,.45454547,.81818181,.18181819,.30769232,.5714286,.75,1,0,0,0,0,0,0, by more than 10 points.
Utah St.,328,MWC,21,87.829773,83.360527,Mountain West,38,39,93,133,90,198,.80645162,.75,.90909094,.66666669,.44444445,.80000001,1,1,0,0,0,0,0,0, by more than 10 points.
Utah St.,328,MWC,21,87.829773,83.360527,Mountain West,38,39,93,133,90,198,.80645162,.75,.90909094,.66666669,.44444445,.80000001,1,1,0,0,0,0,0,0, by more than 10 points.
Utah Tech,368,WAC,33,76.526215,75.489182,WAC,285,283,168,187,164,134,.33333334,.34999999,.30000001,.23529412,0,0,.2,.66666669,0,0,0,0,0,0, by more than 10 points.
Utah Valley,329,WAC,33,74.309189,84.511787,WAC,173,171,141,174,158,63,.46666667,.52380955,.33333334,.33333334,0,0,.54545456,.72727275,0,0,0,0,0,0, by more than 10 points.
VCU,332,A-10,1,79.325462,87.880035,Atlantic 10,69,71,89,129,103,169,.64705884,.66666669,.61538464,.55555558,.2,.63636363,.77777779,.77777779,0,0,0,0,0,0, by more than 10 points.
Valparaiso,333,MVC,20,73.812592,77.67057,MVC,302,303,114,153,119,226,.19354838,.14285715,.30000001,.071428575,0,0,.1,.5,0,0,0,0,0,0, by more than 10 points.
Valparaiso,333,MVC,20,73.812592,77.67057,MVC,302,303,114,153,119,226,.19354838,.14285715,.30000001,.071428575,0,0,.1,.5,0,0,0,0,0,0, by more than 10 points.
Vanderbilt,334,SEC,27,75.843552,83.219215,SEC,202,202,36,103,37,232,.28125,.21052632,.38461539,.1,.07692308,.33333334,.25,.80000001,0,0,0,0,0,0, by more than 10 points.
Vanderbilt,334,SEC,27,75.843552,83.219215,SEC,202,202,36,103,37,232,.28125,.21052632,.38461539,.1,.07692308,.33333334,.25,.80000001,0,0,0,0,0,0, by more than 10 points.
Vermont,335,Am. East,4,74.234108,89.512726,America East,102,102,222,204,285,182,.8125,.94736844,.61538464,.71428573,0,1,.75,.9375,0,0,0,0,0,0, by more than 10 points.
Vermont,335,Am. East,4,74.234108,89.512726,America East,102,102,222,204,285,182,.8125,.94736844,.61538464,.71428573,0,1,.75,.9375,0,0,0,0,0,0, by more than 10 points.
Villanova,336,Big East,8,79.997795,92.796654,Big East,41,40,36,103,20,76,.54545456,.5,.63636363,.33333334,.26666668,.83333331,.5,1,0,0,0,0,0,0, by more than 10 points.
Villanova,336,Big East,8,79.997795,92.796654,Big East,41,40,36,103,20,76,.54545456,.5,.63636363,.33333334,.26666668,.83333331,.5,1,0,0,0,0,0,0, by more than 10 points.
Virginia,337,ACC,3,71.413231,97.511742,ACC,54,55,74,115,80,157,.69696969,.63636363,.81818181,.45454547,.22222222,.72727275,1,1,0,0,0,0,0,0, by more than 10 points.
Virginia,337,ACC,3,71.413231,97.511742,ACC,54,55,74,115,80,157,.69696969,.63636363,.81818181,.45454547,.22222222,.72727275,1,1,0,0,0,0,0,0, by more than 10 points.
Virginia Tech,338,ACC,3,85.312637,84.612106,ACC,60,60,55,109,54,38,.5625,.47619048,.72727275,.18181819,.30000001,.33333334,.85714287,1,0,0,0,0,0,0, by more than 10 points.
Virginia Tech,338,ACC,3,85.312637,84.612106,ACC,60,60,55,109,54,38,.5625,.47619048,.72727275,.18181819,.30000001,.33333334,.85714287,1,0,0,0,0,0,0, by more than 10 points.
Wagner,346,NEC,23,65.105278,86.068298,NEC,290,288,355,268,351,225,.48275861,.52631581,.40000001,.47368422,0,0,.5,.52380955,0,0,0,0,0,0, by more than 10 points.
Wake Forest,347,ACC,3,88.188171,85.493874,ACC,43,44,59,111,73,248,.60606062,.54545456,.72727275,.18181819,.2,.63636363,.83333331,1,0,0,0,0,0,0, by more than 10 points.
Wake Forest,347,ACC,3,88.188171,85.493874,ACC,43,44,59,111,73,248,.60606062,.54545456,.72727275,.18181819,.2,.63636363,.83333331,1,0,0,0,0,0,0, by more than 10 points.
Washington,348,Pac 12,25,90.083572,79.807129,Pac-12,70,69,25,97,75,73,.53125,.42857143,.72727275,.45454547,.22222222,.45454547,.75,1,0,0,0,0,0,0, by more than 10 points.
Washington,348,Pac 12,25,90.083572,79.807129,Pac-12,70,69,25,97,75,73,.53125,.42857143,.72727275,.45454547,.22222222,.45454547,.75,1,0,0,0,0,0,0, by more than 10 points.
Washington St.,349,Pac 12,25,81.832169,90.656532,Pac-12,44,45,83,121,87,295,.72727275,.68181819,.81818181,.60000002,.60000002,.42857143,.875,1,0,0,0,0,0,0, by more than 10 points.
Washington St.,349,Pac 12,25,81.832169,90.656532,Pac-12,44,45,83,121,87,295,.72727275,.68181819,.81818181,.60000002,.60000002,.42857143,.875,1,0,0,0,0,0,0, by more than 10 points.
Weber St.,350,Big Sky,9,78.384727,81.713928,Big Sky,153,153,232,207,234,89,.58620691,.57894737,.60000002,.5,.5,1,.45454547,.66666669,0,0,0,0,0,0, by more than 10 points.
Weber St.,350,Big Sky,9,78.384727,81.713928,Big Sky,153,153,232,207,234,89,.58620691,.57894737,.60000002,.5,.5,1,.45454547,.66666669,0,0,0,0,0,0, by more than 10 points.
West Virginia,351,Big 12,7,82.36203,79.816956,Big 12,156,156,4,77,13,156,.28125,.21052632,.38461539,0,.13333334,.2,1,.5,0,0,0,0,0,0, by more than 10 points.
West Virginia,351,Big 12,7,82.36203,79.816956,Big 12,156,156,4,77,13,156,.28125,.21052632,.38461539,0,.13333334,.2,1,.5,0,0,0,0,0,0, by more than 10 points.
Western Caro.,340,Southern,28,79.916504,83.269142,SoCon,111,112,184,192,255,309,.65517241,.57894737,.80000001,.625,0,.40000001,.45454547,1,0,0,0,0,0,0, by more than 10 points.
Western Ill.,341,OVC,24,69.213821,83.665642,OVC,260,261,334,249,293,85,.58620691,.69999999,.33333334,.625,0,0,.5,.71428573,0,0,0,0,0,0, by more than 10 points.
Western Ky.,342,C-USA,13,85.677292,76.211922,CUSA,136,141,252,214,328,345,.63333333,.57894737,.72727275,.46153846,0,1,.46153846,.75,0,0,0,0,0,0, by more than 10 points.
Western Mich.,343,MAC,18,75.170891,75.637772,MAC,292,292,244,211,277,217,.3548387,.47368422,.16666667,.2,0,0,.27272728,.53333336,0,0,0,0,0,0, by more than 10 points.
Wichita St.,354,AAC,2,78.464218,82.512482,AAC,151,151,101,140,122,201,.42424244,.33333334,.58333331,.16666667,0,.5,.25,.77777779,0,0,0,0,0,0, by more than 10 points.
Wichita St.,354,AAC,2,78.464218,82.512482,AAC,151,151,101,140,122,201,.42424244,.33333334,.58333331,.16666667,0,.5,.25,.77777779,0,0,0,0,0,0, by more than 10 points.
William & Mary,355,CAA,12,72.16806,77.476555,CAA,325,325,285,227,324,348,.25806451,.25,.27272728,.13333334,0,0,0,.47058824,0,0,0,0,0,0, by more than 10 points.
Winthrop,356,Big South,10,79.603355,78.999176,Big South,181,181,225,205,199,109,.48275861,.47058824,.5,.40000001,0,0,.25,.80000001,0,0,0,0,0,0, by more than 10 points.
Winthrop,356,Big South,10,79.603355,78.999176,Big South,181,181,225,205,199,109,.48275861,.47058824,.5,.40000001,0,0,.25,.80000001,0,0,0,0,0,0, by more than 10 points.
Wisconsin,357,Big 10,6,86.597816,88.238274,Big Ten,18,21,6,81,8,25,.64705884,.60869563,.72727275,.25,.38461539,.69230771,1,1,0,0,0,0,0,0, by more than 10 points.
Wisconsin,357,Big 10,6,86.597816,88.238274,Big Ten,18,21,6,81,8,25,.64705884,.60869563,.72727275,.25,.38461539,.69230771,1,1,0,0,0,0,0,0, by more than 10 points.
Wofford,358,Southern,28,77.518127,79.77948,SoCon,185,184,143,175,160,119,.48275861,.52631581,.40000001,.40000001,0,.25,.38461539,.8888889,0,0,0,0,0,0, by more than 10 points.
Wofford,358,Southern,28,77.518127,79.77948,SoCon,185,184,143,175,160,119,.48275861,.52631581,.40000001,.40000001,0,.25,.38461539,.8888889,0,0,0,0,0,0, by more than 10 points.
Wright St.,359,Horizon,14,90.733116,69.528809,Horizon,154,154,192,196,272,137,.53333336,.61904764,.33333334,.53846157,0,.25,.38461539,.83333331,0,0,0,0,0,0, by more than 10 points.
Wright St.,359,Horizon,14,90.733116,69.528809,Horizon,154,154,192,196,272,137,.53333336,.61904764,.33333334,.53846157,0,.25,.38461539,.83333331,0,0,0,0,0,0, by more than 10 points.
Wyoming,360,MWC,21,80.294922,80.270584,Mountain West,155,155,92,132,83,129,.43333334,.42105263,.45454547,.23076923,0,.60000002,.42857143,.77777779,0,0,0,0,0,0, by more than 10 points.
Wyoming,360,MWC,21,80.294922,80.270584,Mountain West,155,155,92,132,83,129,.43333334,.42105263,.45454547,.23076923,0,.60000002,.42857143,.77777779,0,0,0,0,0,0, by more than 10 points.
Xavier,361,Big East,8,86.696877,83.21888,Big East,64,63,15,92,4,34,.4848485,.45454547,.54545456,.27272728,.13333334,.75,.5,.875,0,0,0,0,0,0, by more than 10 points.
Xavier,361,Big East,8,86.696877,83.21888,Big East,64,63,15,92,4,34,.4848485,.45454547,.54545456,.27272728,.13333334,.75,.5,.875,0,0,0,0,0,0, by more than 10 points.
Yale,362,Ivy,16,79.446228,86.593063,Ivy League,81,83,128,164,129,92,.6785714,.80000001,.53846157,.60000002,0,.60000002,.81818181,.77777779,0,0,0,0,0,0, by more than 10 points.
Yale,362,Ivy,16,79.446228,86.593063,Ivy League,81,83,128,164,129,92,.6785714,.80000001,.53846157,.60000002,0,.60000002,.81818181,.77777779,0,0,0,0,0,0, by more than 10 points.
Youngstown St.,363,Horizon,14,81.498985,80.534782,Horizon,131,131,265,218,295,143,.64285713,.66666669,.5714286,.53333336,0,0,.54545456,.85714287,0,0,0,0,0,0, by more than 10 points.
