Team,Conference,NET,Prev NET,Avg Opp NET Rank,Avg Opp NET,WL,Conf. Record,Non-Conference Record,Road WL,NET SOS,NET NonConf SOS,Quadrant 1,Quadrant 2,Quadrant 3,Quadrant 4
Houston,Big 12,1,1,13,93,28-3,15-3,13-0,7-3,14,189,14-3,3-0,4-0,7-0
Purdue,Big Ten,2,2,3,77,28-3,17-3,11-0,7-3,6,8,12-3,6-0,7-0,3-0
UConn,Big East,3,3,82,124,28-3,18-2,10-1,8-3,30,66,11-3,7-0,1-0,9-0
Arizona,Pac-12,4,4,11,90,24-7,15-5,9-2,7-4,44,13,8-3,6-3,8-1,2-0
Tennessee,SEC,5,5,9,89,24-7,14-4,10-3,8-3,10,16,7-6,6-1,6-0,5-0
Auburn,SEC,6,6,52,110,24-7,13-5,11-2,5-5,69,166,1-7,9-0,9-0,5-0
North Carolina,ACC,7,7,14,94,25-6,17-3,8-3,8-2,26,25,8-3,6-3,6-0,5-0
Alabama,SEC,8,8,4,78,21-10,13-5,8-5,5-5,3,17,3-8,8-2,7-0,3-0
Iowa St.,Big 12,9,9,74,119,24-7,13-5,11-2,5-5,27,326,8-6,5-1,2-0,9-0
Duke,ACC,10,10,56,111,24-7,15-5,9-2,7-4,68,110,5-4,6-3,7-0,6-0
Creighton,Big East,11,11,45,107,23-8,14-6,9-2,8-5,21,54,8-5,7-3,1-0,7-0
BYU,Big 12,12,12,62,113,23-9,11-8,12-1,3-7,41,301,6-7,5-2,4-0,8-0
Marquette,Big East,13,13,19,96,23-8,14-6,9-2,7-5,9,18,8-7,5-1,4-0,6-0
Baylor,Big 12,14,14,5,83,21-9,11-7,10-2,4-5,2,73,9-8,4-1,3-0,5-0
Saint Mary's (CA),WCC,15,16,105,147,25-7,17-1,8-6,9-0,101,82,5-3,3-2,5-2,12-0
Illinois,Big Ten,16,15,29,103,23-8,14-6,9-2,6-5,38,143,6-6,5-2,7-0,5-0
Gonzaga,WCC,17,17,119,156,24-7,15-3,9-4,8-2,88,19,3-6,4-1,5-0,12-0
Kentucky,SEC,18,19,64,114,23-8,13-5,10-3,7-3,55,168,6-5,2-2,8-1,7-0
Kansas,Big 12,19,18,5,83,21-10,10-9,11-1,3-7,1,34,7-9,6-0,4-1,4-0
San Diego St.,Mountain West,20,20,25,98,20-9,11-7,9-2,5-8,28,15,4-8,5-1,5-0,6-0
Dayton,Atlantic 10,21,21,79,122,24-6,14-4,10-2,6-5,92,36,3-3,4-3,10-0,7-0
Wisconsin,Big Ten,22,22,7,85,19-12,11-9,8-3,3-9,7,23,4-8,8-4,3-0,4-0
Michigan St.,Big Ten,23,24,8,86,18-13,10-10,8-3,3-7,17,41,4-8,5-5,5-0,4-0
Boise St.,Mountain West,24,23,52,110,20-9,13-5,7-4,7-3,57,35,6-5,3-3,3-1,8-0
New Mexico,Mountain West,25,28,91,133,22-9,11-8,11-1,5-6,89,272,3-6,3-1,6-1,10-1
Colorado,Pac-12,26,27,66,115,22-9,13-7,9-2,4-7,85,255,2-5,6-4,7-0,7-0
Indiana St.,MVC,27,29,127,164,27-6,19-4,8-2,9-4,130,187,1-4,4-1,10-0,12-1
Texas,Big 12,28,25,33,104,20-12,9-10,11-2,4-6,13,206,5-9,3-2,5-1,7-0
Texas Tech,Big 12,29,30,37,105,22-9,11-7,11-2,4-6,43,310,5-8,4-1,6-0,7-0
Nevada,Mountain West,30,31,98,137,25-6,13-5,12-1,8-3,91,249,6-5,2-0,7-1,10-0
Utah St.,Mountain West,31,32,91,133,24-5,14-4,10-1,8-4,90,198,4-5,5-0,6-0,9-0
Fla. Atlantic,AAC,32,34,87,131,24-7,14-4,10-3,5-5,98,52,2-2,8-3,7-0,7-2
Florida,SEC,33,35,52,110,21-10,11-7,10-3,3-7,42,103,4-7,3-2,9-1,5-0
Cincinnati,Big 12,34,43,37,105,20-13,9-11,11-2,4-7,36,321,4-10,3-1,4-2,9-0
Clemson,ACC,35,26,19,96,21-11,11-10,10-1,6-6,46,63,5-5,5-5,6-1,5-0
Wake Forest,ACC,36,38,66,115,20-12,12-9,8-3,2-9,75,251,1-7,8-4,5-1,6-0
Colorado St.,Mountain West,37,36,52,110,21-9,11-8,10-1,4-7,64,80,5-7,3-1,7-1,6-0
Nebraska,Big Ten,38,37,66,115,22-9,12-8,10-1,3-8,70,296,4-7,4-2,7-0,7-0
St. John's (NY),Big East,39,39,45,107,19-12,11-9,8-3,5-6,32,164,4-9,5-2,3-1,7-0
Villanova,Big East,40,33,41,106,18-14,11-10,7-4,4-8,24,72,4-10,6-1,2-3,6-0
TCU,Big 12,41,40,81,123,21-11,10-9,11-2,6-5,31,327,5-10,3-1,5-0,8-0
Mississippi St.,SEC,42,41,29,103,19-12,8-10,11-2,2-8,37,232,3-8,3-3,7-0,6-1
Washington St.,Pac-12,43,45,82,124,23-8,14-6,9-2,6-4,87,302,6-3,3-4,6-1,8-0
Oklahoma,Big 12,44,42,41,106,20-12,8-11,12-1,3-6,15,269,4-12,5-0,3-0,8-0
Pittsburgh,ACC,45,44,84,126,21-10,12-8,9-2,7-4,83,343,3-5,5-3,6-2,7-0
Drake,MVC,46,46,108,149,27-6,19-4,8-2,6-5,133,282,4-1,3-3,10-2,10-0
Texas A&M,SEC,47,47,48,108,18-13,9-9,9-4,6-6,18,20,5-6,6-3,2-4,5-0
Utah,Pac-12,48,52,26,99,19-13,10-11,9-2,2-9,47,27,4-8,4-3,6-2,5-0
Princeton,Ivy League,49,48,149,181,22-3,12-2,10-1,11-3,195,208,0-0,2-3,11-0,9-0
South Carolina,SEC,50,49,89,132,25-6,13-5,12-1,8-3,74,287,4-4,7-0,5-2,9-0
Northwestern,Big Ten,51,50,71,118,21-10,12-8,9-2,4-7,50,331,5-6,5-3,4-0,7-1
Virginia,ACC,52,51,71,118,22-9,13-7,9-2,5-6,78,173,2-7,7-2,7-0,6-0
Grand Canyon,WAC,53,53,188,195,26-4,17-3,9-1,8-3,262,210,1-1,2-1,9-2,14-0
James Madison,Sun Belt,54,54,296,231,30-3,18-3,12-0,12-2,323,332,1-1,0-1,7-1,22-0
Ohio St.,Big Ten,55,55,37,105,19-12,9-11,10-1,2-8,63,244,3-6,3-5,8-1,5-0
McNeese,Southland,56,57,324,244,26-3,19-1,7-2,11-3,342,138,0-0,3-2,4-0,19-1
SMU,AAC,57,58,112,153,19-11,11-7,8-4,5-7,118,171,0-4,3-5,7-1,9-1
Bradley,MVC,58,59,98,137,21-11,14-8,7-3,6-6,129,213,0-4,3-4,12-2,6-1
Iowa,Big Ten,59,61,33,104,18-13,10-10,8-3,4-8,20,99,3-9,5-3,4-1,6-0
UCF,Big 12,60,60,45,107,17-15,8-12,9-3,3-7,25,348,4-10,2-2,4-2,7-1
Virginia Tech,ACC,61,56,48,108,18-14,10-11,8-3,2-9,48,39,3-8,3-5,6-1,6-0
Providence,Big East,62,63,71,118,20-12,11-10,9-2,4-7,45,239,5-8,3-4,1-0,11-0
Xavier,Big East,63,64,17,95,16-16,10-11,6-5,3-8,5,31,2-12,6-2,1-1,7-1
Seton Hall,Big East,64,62,66,115,20-11,13-7,7-4,5-6,35,228,5-7,4-3,2-1,9-0
San Francisco,WCC,65,66,166,187,22-10,12-6,10-4,6-5,117,212,0-7,1-3,6-0,15-0
Butler,Big East,66,65,33,104,17-14,9-12,8-2,4-7,12,84,4-11,4-3,2-0,7-0
Oregon,Pac-12,67,68,48,108,20-11,12-8,8-3,6-5,77,242,2-6,5-4,7-1,6-0
Kansas St.,Big 12,68,70,23,97,19-13,9-10,10-3,2-8,19,221,5-7,4-5,5-1,5-0
Washington,Pac-12,69,67,19,96,17-15,9-12,8-3,5-6,72,75,2-8,5-5,6-2,4-0
Memphis,AAC,70,69,91,133,22-9,11-7,11-2,7-6,99,87,1-3,5-4,11-1,5-1
Richmond,Atlantic 10,71,71,112,153,23-8,15-3,8-5,7-5,113,185,1-2,4-4,10-2,8-0
Maryland,Big Ten,72,77,59,112,16-16,8-13,8-3,4-8,59,308,2-8,4-4,3-4,7-0
NC State,ACC,73,79,74,119,19-14,11-11,8-3,4-7,61,180,1-8,5-5,4-1,9-0
App State,Sun Belt,74,72,224,205,25-6,17-3,8-3,8-4,277,280,2-0,1-0,7-5,15-1
UC Irvine,Big West,75,73,182,192,23-8,17-3,6-5,8-8,174,43,0-3,1-2,7-2,15-1
Samford,SoCon,76,74,209,200,27-5,18-3,9-2,8-5,258,263,0-1,2-1,10-3,15-0
VCU,Atlantic 10,77,76,89,132,20-12,12-7,8-5,5-4,104,177,1-4,4-4,8-2,7-2
UNLV,Mountain West,78,75,77,120,17-11,12-6,5-5,7-3,76,113,5-5,1-3,6-0,5-3
South Fla.,AAC,79,78,141,174,23-6,16-2,7-4,7-4,183,316,1-0,5-3,7-1,10-2
Boston College,ACC,80,91,70,116,19-14,10-12,9-2,6-6,81,231,2-6,4-7,6-1,7-0
North Texas,AAC,81,81,95,135,15-13,10-8,5-5,5-5,103,100,0-5,3-4,7-3,5-1
Massachusetts,Atlantic 10,82,83,125,161,20-10,11-7,9-3,4-6,169,356,1-1,1-2,9-6,9-1
St. Bonaventure,Atlantic 10,83,82,116,154,19-12,10-9,9-3,5-6,121,261,0-4,2-2,9-3,8-3
Loyola Chicago,Atlantic 10,84,84,110,150,22-8,15-3,7-5,7-4,114,190,1-2,4-4,9-1,8-1
Southern California,Pac-12,85,92,23,97,15-17,9-12,6-5,3-9,56,51,2-8,5-6,4-2,4-1
Penn St.,Big Ten,86,89,51,109,16-16,10-11,6-5,2-8,65,294,2-9,5-4,4-2,5-1
Yale,Ivy League,87,86,135,167,18-9,11-3,7-6,9-6,132,93,0-3,2-2,9-2,7-2
Minnesota,Big Ten,88,87,86,130,18-13,9-11,9-2,2-8,79,361,1-8,6-3,2-2,9-0
Syracuse,ACC,89,80,17,95,19-12,11-10,8-2,4-7,40,95,3-7,4-4,8-1,4-0
Cornell,Ivy League,90,88,175,190,20-6,11-3,9-3,10-5,161,194,0-2,1-3,8-0,11-1
Florida St.,ACC,91,96,14,94,17-15,11-10,6-5,4-7,58,127,1-7,9-5,3-2,4-1
Ole Miss,SEC,92,90,59,112,20-11,7-11,13-0,4-7,67,322,2-7,4-4,8-0,6-0
George Mason,Atlantic 10,93,85,105,147,19-12,9-10,10-2,5-7,123,230,1-2,4-4,5-6,9-0
Saint Joseph's,Atlantic 10,94,97,121,160,20-12,10-9,10-3,3-9,112,217,1-3,3-5,4-3,12-1
LSU,SEC,95,93,74,119,17-14,9-9,8-5,3-7,54,152,4-7,1-6,5-0,7-1
Indiana,Big Ten,96,94,14,94,18-13,10-10,8-3,4-6,22,123,4-8,5-4,3-1,6-0
Duquesne,Atlantic 10,97,98,85,129,20-11,11-8,9-3,5-6,100,181,0-3,6-5,4-3,10-0
Col. of Charleston,CAA,98,99,195,197,26-7,18-3,8-4,10-2,269,259,0-1,1-2,11-4,14-0
Louisiana Tech,CUSA,99,95,185,194,19-10,12-5,7-5,8-7,198,96,0-3,1-2,6-4,12-1
Georgia,SEC,100,101,41,106,17-15,7-12,10-3,4-6,62,243,1-7,2-7,8-1,6-0
Miami (FL),ACC,101,100,56,111,15-17,6-15,9-2,2-9,53,154,1-9,7-4,1-3,6-1
Vermont,America East,102,103,230,207,25-6,17-1,8-5,10-4,284,188,0-2,2-0,8-3,15-1
Rutgers,Big Ten,103,102,27,100,15-17,7-14,8-3,3-9,16,150,3-12,3-4,2-1,7-0
Santa Clara,WCC,104,104,132,166,19-13,11-7,8-6,5-6,95,107,2-6,4-3,2-1,11-3
Morehead St.,OVC,105,106,319,242,22-8,17-4,5-4,9-7,261,26,0-2,0-2,3-2,19-2
Charlotte,AAC,106,105,108,149,18-11,13-5,5-6,5-7,127,121,0-4,3-2,5-5,10-0
UCLA,Pac-12,107,115,62,113,15-16,11-10,4-6,5-6,66,68,1-9,6-3,3-3,5-1
Stanford,Pac-12,108,114,64,114,14-17,9-12,5-5,3-8,82,266,1-6,4-4,5-6,4-1
UNI,MVC,109,107,101,139,18-14,13-9,5-5,6-8,97,49,0-6,5-3,6-4,7-1
Western Caro.,SoCon,110,110,178,191,19-10,11-8,8-2,10-6,254,309,0-0,2-3,5-7,12-0
High Point,Big South,111,108,270,221,23-8,14-4,9-4,7-5,352,342,0-0,0-1,6-4,17-3
Arkansas,SEC,112,109,29,103,16-16,7-12,9-4,2-7,52,137,2-9,1-5,7-1,6-1
Hofstra,CAA,113,111,152,183,19-13,13-7,6-6,5-10,164,71,0-2,1-4,8-5,10-2
UAB,AAC,114,112,95,135,19-11,12-6,7-5,7-5,107,202,0-4,7-3,6-2,6-2
Akron,MAC,115,113,206,199,19-10,13-5,6-5,7-6,203,59,0-3,1-3,5-2,13-2
Southern Ill.,MVC,116,116,127,164,18-13,11-10,7-3,5-6,150,353,1-3,0-5,6-4,11-1
Belmont,MVC,117,117,118,155,19-13,13-9,6-4,6-9,120,156,0-5,2-2,6-6,11-0
UNCW,CAA,118,118,189,196,18-10,12-7,6-3,10-6,212,116,1-0,1-3,5-5,11-2
Oklahoma St.,Big 12,119,119,41,106,12-20,4-15,8-5,1-9,23,323,2-12,1-6,3-1,6-1
Davidson,Atlantic 10,120,120,94,134,13-17,5-14,8-3,4-8,96,135,0-5,3-4,4-7,6-1
UC San Diego,Big West,121,122,230,207,19-11,15-5,4-6,7-8,265,237,0-3,1-2,5-3,13-3
Drexel,CAA,122,123,213,202,19-12,13-6,6-6,6-10,244,238,1-1,0-3,4-6,14-2
Notre Dame,ACC,123,121,37,105,13-20,8-14,5-6,2-10,51,109,0-10,5-4,4-4,4-2
Georgia Tech,ACC,124,126,19,96,14-18,7-14,7-4,4-9,39,88,4-6,4-7,3-5,3-0
Oakland,Horizon,125,127,178,191,23-11,18-5,5-6,9-7,157,14,1-5,1-0,7-6,14-0
Seattle U,WAC,126,128,182,192,17-13,11-9,6-4,4-9,229,248,0-2,1-2,4-7,12-2
Colgate,Patriot,127,132,328,245,24-9,19-2,5-7,10-5,266,42,0-2,1-3,2-1,21-3
Toledo,MAC,128,129,178,191,20-11,14-4,6-7,8-5,210,104,0-3,1-2,8-4,11-2
California,Pac-12,129,124,33,104,13-19,9-12,4-7,3-8,73,211,2-8,4-4,5-5,2-2
Liberty,CUSA,130,130,166,187,15-13,7-9,8-4,2-8,180,106,0-2,0-3,9-3,6-5
Arizona St.,Pac-12,131,125,12,92,14-18,8-13,6-5,3-8,49,65,2-9,6-4,3-4,3-1
UNC Greensboro,SoCon,132,134,173,189,19-11,12-7,7-4,7-7,216,247,0-1,2-2,7-6,10-2
Youngstown St.,Horizon,133,135,259,217,18-10,14-7,4-3,8-7,296,139,0-1,0-2,6-5,12-2
Tulane,AAC,134,136,105,147,13-16,5-13,8-3,2-8,111,292,0-4,1-6,5-5,7-1
Michigan,Big Ten,135,131,1,72,8-24,3-18,5-6,2-10,4,46,3-13,1-7,2-3,2-1
South Dakota St.,Summit League,136,137,244,211,19-12,15-4,4-8,6-5,311,214,0-1,0-2,7-4,12-5
Tarleton St.,WAC,137,138,166,187,20-8,16-4,4-4,10-5,155,48,0-4,2-0,7-1,11-3
Chattanooga,SoCon,138,140,195,197,19-12,13-7,6-5,8-7,226,268,0-1,2-2,6-7,11-2
Troy,Sun Belt,139,139,225,206,17-12,13-6,4-6,5-9,283,199,0-1,1-1,3-8,13-2
Eastern Wash.,Big Sky,140,142,237,209,19-11,15-4,4-7,10-9,163,22,0-4,0-3,4-2,15-2
UMass Lowell,America East,141,141,301,233,19-9,13-5,6-4,10-6,331,318,0-0,1-3,3-3,15-3
Montana,Big Sky,142,133,259,217,20-11,14-7,6-4,8-7,250,78,0-3,0-0,3-4,17-4
Furman,SoCon,143,143,138,173,15-15,11-9,4-6,4-10,178,186,0-1,0-7,6-6,9-1
Missouri St.,MVC,144,145,121,160,17-16,9-13,8-3,4-10,125,303,1-5,2-3,5-5,9-3
UT Arlington,WAC,145,144,144,177,16-13,13-7,3-6,5-10,124,12,0-5,1-2,2-5,13-1
Arkansas St.,Sun Belt,146,146,166,187,18-16,13-8,5-8,5-11,153,114,0-4,1-3,7-6,10-3
Ohio,MAC,147,148,267,219,18-12,13-5,5-7,5-7,350,351,0-0,0-2,5-8,13-2
Towson,CAA,148,147,173,189,19-14,13-8,6-6,6-6,168,94,0-3,1-4,5-4,13-3
Louisiana,Sun Belt,149,149,195,197,17-14,11-9,6-5,5-9,224,182,0-2,0-4,5-5,12-3
Sam Houston,CUSA,150,151,189,196,19-11,14-3,5-8,7-9,199,132,0-2,1-4,6-2,12-3
Weber St.,Big Sky,151,153,225,206,17-12,11-8,6-4,7-7,239,89,1-1,1-0,5-6,10-5
Wright St.,Horizon,152,154,195,197,16-14,13-8,3-6,7-6,270,134,0-1,1-3,5-8,10-2
Western Ky.,CUSA,153,152,240,210,16-11,8-8,8-3,6-7,319,345,0-0,1-1,5-6,10-4
Wyoming,Mountain West,154,150,87,131,13-17,8-11,5-6,3-10,80,129,1-9,2-2,3-4,7-2
Wichita St.,AAC,155,157,103,144,13-18,6-13,7-5,2-10,126,197,0-4,3-5,3-7,7-2
West Virginia,Big 12,156,155,2,76,9-23,4-15,5-8,0-9,11,157,2-12,2-9,3-0,2-2
Purdue Fort Wayne,Horizon,157,158,309,236,19-12,12-10,7-2,8-7,317,304,0-2,1-2,4-4,14-4
Missouri,SEC,158,156,59,112,8-24,0-19,8-5,2-10,33,98,1-9,1-10,1-4,5-1
St. Thomas (MN),Summit League,159,159,317,241,17-13,10-8,7-5,6-9,336,317,0-1,0-1,2-5,15-6
Quinnipiac,MAAC,160,167,323,243,23-8,16-5,7-3,10-5,347,295,0-1,0-1,4-2,19-4
Fairfield,MAAC,161,160,304,235,20-11,15-6,5-5,10-6,341,284,0-0,1-2,3-4,16-5
Longwood,Big South,162,161,285,227,18-13,9-10,9-3,6-10,299,324,0-1,1-2,4-4,13-6
UNC Asheville,Big South,163,163,189,196,19-12,14-5,5-7,5-7,248,146,0-1,1-4,6-5,12-2
Lipscomb,ASUN,164,166,277,224,18-12,11-6,7-6,6-9,274,141,0-2,1-2,4-3,13-5
Bryant,America East,165,165,218,203,18-13,12-6,6-7,8-10,187,92,1-2,0-3,4-6,13-2
Oregon St.,Pac-12,166,162,27,100,12-19,5-16,7-3,1-9,71,142,1-9,3-7,3-3,5-0
Delaware,CAA,167,168,244,211,18-14,11-9,7-5,8-6,290,300,1-0,0-4,2-8,15-2
UC Davis,Big West,168,169,222,204,17-12,14-6,3-6,8-6,276,285,0-2,2-0,5-5,10-5
SFA,WAC,169,170,189,196,16-14,11-10,5-4,5-8,221,233,1-2,0-2,5-6,10-4
Murray St.,MVC,170,171,104,146,11-20,9-12,2-8,4-9,115,215,0-5,2-4,4-9,5-2
Utah Valley,WAC,171,164,137,172,14-16,11-10,3-6,5-10,154,57,0-3,0-4,6-7,8-2
Hawaii,Big West,172,172,218,203,17-13,11-9,6-4,4-6,279,293,0-3,0-3,3-5,14-2
Stony Brook,CAA,173,173,178,191,19-15,13-9,6-6,4-11,173,90,0-3,0-5,3-5,16-2
Fordham,Atlantic 10,174,174,112,153,13-20,7-13,6-7,4-6,136,329,0-2,2-6,6-7,5-5
Kent St.,MAC,175,175,206,199,13-16,8-10,5-6,4-9,218,120,0-2,0-3,3-7,10-4
Illinois St.,MVC,176,176,121,160,14-17,9-12,5-5,4-8,141,288,1-3,0-4,7-6,6-4
ETSU,SoCon,177,178,152,183,17-16,11-11,6-5,5-11,175,160,0-3,0-4,7-8,10-1
Long Beach St.,Big West,178,180,201,198,16-14,10-10,6-4,9-7,228,191,0-2,2-2,6-4,8-6
A&M-Corpus Christi,Southland,179,177,337,250,17-11,14-5,3-6,8-7,219,47,0-4,0-1,2-2,15-4
Winthrop,Big South,180,179,222,204,14-15,8-9,6-6,6-9,197,101,0-3,0-3,2-6,12-3
Wofford,SoCon,181,181,141,174,14-15,10-9,4-6,6-9,158,118,0-2,0-4,6-8,8-1
Little Rock,OVC,182,182,348,258,21-12,15-5,6-7,6-6,362,360,0-0,0-0,2-4,19-8
Northern Ky.,Horizon,183,183,213,202,16-15,13-9,3-6,6-11,215,67,0-3,0-2,5-8,11-2
UIC,MVC,184,184,112,153,11-21,5-17,6-4,3-10,128,270,0-4,1-6,5-6,5-5
Northern Colo.,Big Sky,185,185,292,230,17-13,12-7,5-6,7-8,327,299,0-1,0-1,3-5,14-6
East Carolina,AAC,186,186,126,163,13-17,7-11,6-6,3-7,145,325,0-3,0-7,5-3,8-4
Tulsa,AAC,187,187,152,183,15-14,7-11,8-3,2-9,200,359,0-2,0-3,6-7,9-2
Monmouth,CAA,188,188,189,196,18-15,11-9,7-6,2-13,185,126,0-2,0-7,5-4,13-2
Gardner-Webb,Big South,189,190,147,180,14-16,12-6,2-10,6-8,176,64,0-1,0-6,6-4,8-5
George Washington,Atlantic 10,190,189,130,165,14-17,4-15,10-2,1-9,138,350,0-3,1-5,6-6,7-3
California Baptist,WAC,191,198,213,202,14-16,9-12,5-4,4-9,273,344,0-2,0-2,6-6,8-6
La Salle,Atlantic 10,192,195,127,164,15-17,7-13,8-4,3-10,134,315,0-3,0-7,6-5,9-2
Brown,Ivy League,193,191,147,180,11-17,8-6,3-11,6-8,159,264,0-2,2-3,4-8,5-4
Cleveland St.,Horizon,194,192,240,210,19-14,13-10,6-4,6-10,255,148,1-1,1-3,5-7,12-3
Saint Louis,Atlantic 10,195,193,79,122,12-20,6-14,6-6,3-9,93,136,0-4,1-9,6-6,5-1
UTEP,CUSA,196,194,175,190,13-15,7-9,6-6,2-9,267,306,0-1,1-2,4-8,8-4
Marist,MAAC,197,196,338,251,17-12,12-8,5-4,8-8,358,358,0-0,0-1,2-5,15-6
LMU (CA),WCC,198,197,145,178,11-19,5-12,6-7,3-7,116,240,0-6,1-3,1-5,9-5
Saint Peter's,MAAC,199,200,292,230,15-13,12-8,3-5,8-8,321,196,0-1,0-2,1-6,14-4
Evansville,MVC,200,202,121,160,15-17,7-15,8-2,4-11,108,200,0-7,1-3,3-6,11-1
Harvard,Ivy League,201,203,156,184,13-13,5-9,8-4,5-8,144,209,0-1,2-6,2-3,9-3
Vanderbilt,SEC,202,201,29,103,9-23,4-15,5-8,1-9,29,236,0-12,3-4,2-6,4-1
Georgetown,Big East,203,199,77,120,9-23,2-19,7-4,2-10,34,330,0-12,1-9,0-1,8-1
Texas St.,Sun Belt,204,205,150,182,15-18,10-12,5-6,5-11,139,32,0-4,1-2,6-7,8-5
UT Martin,OVC,205,206,319,242,17-11,14-5,3-6,9-7,289,119,0-3,0-1,2-3,15-4
Stetson,ASUN,206,207,273,223,19-12,14-5,5-7,6-10,237,60,1-2,0-2,1-0,17-8
UC Santa Barbara,Big West,207,204,230,207,14-15,9-12,5-3,6-7,288,313,0-2,0-2,5-5,9-6
Montana St.,Big Sky,208,223,247,213,15-16,12-9,3-7,4-10,313,278,0-1,1-1,4-7,10-7
Rhode Island,Atlantic 10,209,209,95,135,11-20,6-13,5-7,3-8,109,175,0-3,1-7,5-6,5-4
Iona,MAAC,210,208,267,219,16-17,11-11,5-6,5-8,307,207,0-1,0-2,4-8,12-6
Penn,Ivy League,211,210,130,165,9-18,3-11,6-7,2-10,102,61,0-4,1-4,1-7,7-3
Norfolk St.,MEAC,212,221,343,253,18-10,12-3,6-7,6-8,309,155,0-1,1-1,2-4,15-4
Merrimack,NEC,213,211,351,260,19-12,15-4,4-8,7-9,295,83,0-3,0-2,2-1,17-6
Mercer,SoCon,214,212,162,186,14-16,9-11,5-5,4-9,191,220,0-1,1-5,4-5,9-5
Milwaukee,Horizon,215,213,225,206,18-15,15-9,3-6,6-9,272,153,0-2,0-2,8-7,10-4
Louisville,ACC,216,214,56,111,8-24,3-18,5-6,1-10,60,290,0-10,1-8,2-5,5-1
Jacksonville St.,CUSA,217,215,240,210,11-18,6-11,5-7,5-10,275,307,0-1,1-1,4-6,6-10
UC Riverside,Big West,218,222,175,190,14-17,11-10,3-7,4-12,177,69,0-4,1-2,3-5,10-6
Rider,MAAC,219,217,225,206,14-16,12-8,2-8,6-12,194,28,0-3,0-2,3-6,11-5
Lamar University,Southland,220,216,346,254,17-14,13-7,4-7,5-11,297,289,0-3,0-2,1-3,16-6
Eastern Ky.,ASUN,221,218,262,218,14-14,12-5,2-9,4-10,238,79,0-2,0-1,1-6,13-5
Austin Peay,ASUN,222,219,254,215,16-15,12-7,4-8,4-12,291,149,0-2,1-1,1-8,14-4
CSUN,Big West,223,226,256,216,17-14,10-11,7-3,9-7,312,349,0-1,1-3,3-5,13-5
Georgia St.,Sun Belt,224,220,209,200,12-17,8-11,4-6,5-11,196,184,0-3,0-4,3-3,9-7
Temple,AAC,225,225,136,169,12-19,6-13,6-6,5-7,143,256,0-3,1-6,2-5,9-5
Pepperdine,WCC,226,224,143,176,11-20,6-12,5-8,3-8,106,140,0-8,0-3,2-4,9-5
Columbia,Ivy League,227,227,213,202,10-14,4-10,6-4,4-8,201,341,0-2,0-3,2-6,8-3
Green Bay,Horizon,228,228,235,208,16-14,13-8,3-6,8-8,256,130,0-2,1-1,7-5,8-6
Bowling Green,MAC,229,229,298,232,17-12,10-8,7-4,5-7,353,357,0-0,0-3,5-3,12-6
Abilene Christian,WAC,230,230,162,186,14-17,10-11,4-6,5-9,217,257,0-2,2-2,4-8,8-5
New Hampshire,America East,231,231,230,207,15-15,8-10,7-5,7-10,188,111,0-2,0-3,4-4,11-6
Fresno St.,Mountain West,232,240,102,143,11-20,5-14,6-6,3-9,84,235,0-10,0-4,1-4,10-2
Kansas City,Summit League,233,232,273,223,13-16,10-7,3-9,6-9,233,117,0-3,0-0,2-7,11-6
Cal St. Fullerton,Big West,234,234,159,185,12-18,7-13,5-5,6-10,148,33,0-5,0-3,4-4,8-6
Maine,America East,235,235,259,217,14-17,7-10,7-7,5-13,263,267,0-1,1-3,1-6,12-7
Radford,Big South,236,236,230,207,14-17,6-12,8-5,4-12,189,112,0-3,0-3,4-3,10-8
Nicholls,Southland,237,233,271,222,17-14,15-6,2-8,8-10,160,24,0-5,1-3,1-3,15-3
Miami (OH),MAC,238,237,256,216,13-16,9-9,4-7,6-10,287,205,0-1,0-3,4-6,9-6
Southern Miss.,Sun Belt,239,239,206,199,14-16,9-10,5-6,5-9,260,216,0-1,2-2,5-6,7-7
North Dakota,Summit League,240,241,324,244,15-14,10-7,5-7,7-8,333,312,0-2,0-0,2-5,13-7
Rice,AAC,241,238,116,154,10-21,5-14,5-7,5-7,105,70,1-4,1-6,1-7,7-4
San Jose St.,Mountain West,242,242,98,137,8-23,2-17,6-6,1-12,86,314,0-11,1-2,1-6,6-4
Northeastern,CAA,243,243,189,196,12-20,7-12,5-8,4-13,214,172,0-3,0-2,3-11,9-4
FGCU,ASUN,244,246,250,214,11-18,8-9,3-9,4-10,241,91,0-2,1-2,0-5,10-9
Marshall,Sun Belt,245,245,156,184,12-20,8-12,4-8,3-9,162,159,0-4,0-4,4-5,8-7
Mount St. Mary's,MAAC,246,244,319,242,13-19,9-12,4-7,5-13,335,298,0-1,0-2,2-6,11-10
South Alabama,Sun Belt,247,247,240,210,14-15,8-11,6-4,5-9,240,252,0-3,0-1,3-7,11-4
Portland St.,Big Sky,248,248,271,222,14-15,8-11,6-4,5-11,314,297,0-1,0-0,5-9,9-5
Southern U.,SWAC,249,249,328,245,15-13,12-6,3-7,7-11,151,2,1-4,1-1,0-0,13-8
Central Conn. St.,NEC,250,250,361,274,18-11,14-4,4-7,9-7,357,265,0-0,0-2,2-4,16-5
North Florida,ASUN,251,252,280,225,13-16,9-8,4-8,5-11,286,165,0-1,0-4,0-5,13-6
Idaho St.,Big Sky,252,251,280,225,12-20,9-12,3-8,4-13,304,277,0-1,0-0,3-11,9-8
UAlbany,America East,253,253,262,218,12-19,5-12,7-7,5-13,245,262,0-1,0-5,2-7,10-6
North Ala.,ASUN,254,254,269,220,13-17,9-9,4-8,5-13,235,105,0-3,0-2,1-6,12-6
Niagara,MAAC,255,255,312,237,15-15,12-9,3-6,10-6,348,319,0-0,0-2,5-4,10-9
San Diego,WCC,256,257,145,178,16-15,8-10,8-5,4-7,131,311,0-6,1-3,3-4,12-2
North Dakota St.,Summit League,257,256,225,206,12-17,8-9,4-8,5-11,231,124,0-2,0-1,4-8,8-6
Central Mich.,MAC,258,261,262,218,17-13,12-6,5-7,7-9,181,50,0-3,1-3,2-3,14-4
CSU Bakersfield,Big West,259,259,195,197,11-19,8-13,3-6,2-13,225,170,0-2,0-4,2-8,9-5
Ball St.,MAC,260,262,315,239,13-16,7-11,6-5,6-8,338,320,0-1,0-2,0-8,13-5
N.C. Central,MEAC,261,258,352,265,14-12,10-5,4-7,6-9,328,162,0-2,0-1,0-3,14-6
Kennesaw St.,ASUN,262,263,309,236,12-16,6-11,6-5,4-11,343,305,0-0,0-2,0-5,12-9
Western Ill.,OVC,263,264,334,249,17-12,14-6,3-6,10-6,292,85,0-3,0-1,2-2,15-6
UTSA,AAC,264,265,152,183,10-21,5-14,5-7,4-11,179,352,1-1,1-4,1-10,7-6
The Citadel,SoCon,265,267,162,186,8-21,3-16,5-5,2-13,209,271,0-1,1-4,1-10,6-6
Denver,Summit League,266,268,283,226,13-17,8-11,5-6,4-11,282,176,0-2,0-1,2-6,11-8
Lehigh,Patriot,267,266,331,246,12-18,11-10,1-8,8-11,259,37,0-2,0-4,1-3,11-9
Canisius,MAAC,268,260,237,209,13-18,9-13,4-5,3-12,268,97,0-1,1-2,3-8,9-7
Queens (NC),ASUN,269,270,218,203,12-19,8-10,4-9,2-16,207,81,0-3,0-3,3-5,9-8
Air Force,Mountain West,270,269,120,157,9-22,2-17,7-5,5-8,94,362,1-8,1-2,0-7,7-5
Southern Utah,WAC,271,272,159,185,8-21,5-15,3-6,3-13,172,128,0-3,0-3,2-8,6-7
Omaha,Summit League,272,271,292,230,11-18,8-10,3-8,2-13,285,179,0-2,0-1,1-6,10-9
Jacksonville,ASUN,273,273,296,231,13-17,7-12,6-5,4-14,230,86,0-4,0-0,1-4,12-9
Binghamton,America East,274,274,262,218,13-15,7-10,6-5,5-11,246,195,0-2,0-3,1-6,12-4
Oral Roberts,Summit League,275,275,209,200,9-19,6-12,3-7,2-13,208,62,0-3,0-1,2-9,7-6
Bucknell,Patriot,276,276,316,240,14-19,11-9,3-10,8-11,294,145,0-1,1-4,0-5,13-9
Presbyterian,Big South,277,277,285,227,11-18,6-11,5-7,5-9,326,337,0-1,0-1,2-7,9-9
SIUE,OVC,278,278,324,244,14-16,10-10,4-6,2-13,308,161,0-2,0-1,1-4,13-9
Howard,MEAC,279,279,334,249,13-16,9-5,4-11,6-9,329,245,0-1,0-3,1-5,12-7
Ga. Southern,Sun Belt,280,281,218,203,9-24,9-11,0-13,2-14,184,193,0-4,0-4,0-5,9-11
Texas Southern,SWAC,281,280,324,244,13-15,12-6,1-9,6-10,170,6,0-5,0-1,0-1,13-8
Tennessee St.,OVC,282,282,331,246,14-15,11-9,3-6,5-10,325,158,0-2,0-2,0-4,14-7
Utah Tech,WAC,283,284,166,187,10-20,7-13,3-7,4-13,171,133,0-3,0-4,2-9,8-4
UMBC,America East,284,283,285,227,10-21,6-11,4-10,5-12,310,335,0-2,0-1,1-9,9-9
Middle Tenn.,CUSA,285,289,138,173,12-18,8-9,4-9,1-10,236,281,0-1,1-2,3-12,8-3
New Mexico St.,CUSA,286,285,132,166,9-18,7-9,2-9,1-13,142,58,0-4,0-2,3-9,6-3
Western Mich.,MAC,287,286,250,214,11-19,9-9,2-10,3-12,281,219,0-2,0-3,3-7,8-7
American,Patriot,288,287,356,270,15-16,10-9,5-7,8-9,346,253,0-2,1-1,0-3,14-10
Sacred Heart,NEC,289,288,356,270,14-16,10-7,4-9,4-11,355,274,0-2,0-1,0-2,14-11
Wagner,NEC,290,292,354,268,14-15,10-9,4-6,9-10,351,229,0-2,0-0,3-3,11-10
Grambling,SWAC,291,296,317,241,15-14,15-4,0-10,7-9,156,4,0-6,0-0,0-2,15-6
South Carolina St.,MEAC,292,293,304,235,12-17,9-5,3-12,5-13,234,108,0-2,0-3,0-6,12-6
Boston U.,Patriot,293,294,353,266,15-17,11-9,4-8,7-10,359,340,0-0,0-3,0-2,15-12
Old Dominion,Sun Belt,294,295,172,188,6-25,3-16,3-9,1-12,193,218,0-3,0-6,1-5,5-11
FIU,CUSA,295,290,185,194,10-22,6-12,4-10,1-12,243,273,0-2,0-3,3-9,7-8
Jackson St.,SWAC,296,297,338,251,15-16,11-7,4-9,7-13,232,44,0-4,0-0,2-4,13-8
Portland,WCC,297,298,132,166,10-21,6-12,4-9,2-11,110,254,0-6,0-5,4-3,6-7
Chicago St.,DI Independent,298,300,237,209,9-18,0-0,9-18,5-12,182,260,1-2,0-4,1-6,7-6
NIU,MAC,299,299,166,187,9-20,5-13,4-7,5-11,165,53,0-4,2-1,3-7,4-8
Alcorn,SWAC,300,291,289,229,13-18,13-6,0-12,7-14,152,5,0-5,0-4,0-3,13-6
Valparaiso,MVC,301,301,111,152,6-25,3-18,3-7,1-13,119,225,0-5,0-5,1-10,5-5
Le Moyne,NEC,302,302,360,271,12-17,10-8,2-9,5-14,354,250,0-1,0-1,1-5,11-10
USC Upstate,Big South,303,303,201,198,7-20,5-12,2-8,4-12,252,192,0-1,1-2,2-7,4-10
Campbell,CAA,304,304,277,224,11-18,8-11,3-7,3-11,302,334,0-1,0-4,2-5,9-8
Southeastern La.,Southland,305,305,298,232,12-17,10-9,2-8,6-10,190,30,0-3,1-3,1-3,10-8
Robert Morris,Horizon,306,306,213,202,8-22,6-15,2-7,3-13,253,163,0-2,0-2,1-12,7-6
ULM,Sun Belt,307,307,201,198,9-19,6-13,3-6,3-12,166,102,0-4,0-0,3-8,6-7
Bethune-Cookman,SWAC,308,308,356,270,14-15,11-7,3-8,5-11,339,169,0-2,0-1,0-2,14-10
Elon,CAA,309,309,273,223,11-19,6-13,5-6,3-12,264,224,0-2,1-3,0-6,10-8
Delaware St.,MEAC,310,310,341,252,11-17,6-8,5-9,4-11,320,223,0-2,0-1,0-3,11-11
Eastern Ill.,OVC,311,312,304,235,10-18,8-11,2-7,4-11,206,21,0-3,0-2,2-3,8-10
Northern Ariz.,Big Sky,312,313,247,213,14-19,7-12,7-7,6-12,227,147,0-3,1-0,2-10,11-6
Lafayette,Patriot,313,314,304,235,10-21,10-9,0-12,6-9,332,204,0-1,1-2,0-9,9-9
Charleston So.,Big South,314,315,162,186,7-20,6-11,1-9,3-12,147,29,0-4,0-2,2-5,5-9
Alabama St.,SWAC,315,311,319,242,10-19,8-11,2-8,3-13,205,10,0-3,0-4,0-1,10-11
Sacramento St.,Big Sky,316,317,212,201,8-24,6-15,2-9,2-13,278,201,0-1,0-2,4-9,4-12
Navy,Patriot,317,316,362,276,12-18,9-11,3-7,3-13,360,339,0-0,0-3,0-3,12-12
Bellarmine,ASUN,318,318,195,197,5-23,4-12,1-11,2-16,167,40,0-4,0-1,1-7,4-11
Coastal Carolina,Sun Belt,319,319,201,198,7-22,6-14,1-8,1-9,271,347,0-2,0-3,1-8,6-9
DePaul,Big East,320,322,9,89,3-29,0-21,3-8,0-11,8,122,0-16,0-8,0-2,3-3
Idaho,Big Sky,321,320,256,216,9-21,5-14,4-7,4-10,301,279,0-1,0-2,2-9,7-9
South Dakota,Summit League,322,321,303,234,9-20,5-12,4-8,2-12,349,338,0-1,0-0,1-8,8-11
Eastern Mich.,MAC,323,323,289,229,11-18,6-12,5-6,4-11,305,276,0-2,1-1,0-6,10-9
FDU,NEC,324,324,356,270,13-17,9-8,4-9,8-9,356,291,0-2,0-0,0-2,13-13
William & Mary,CAA,325,325,283,226,8-23,5-15,3-8,2-13,324,346,0-1,0-2,0-11,8-9
Alabama A&M,SWAC,326,328,334,249,11-21,10-9,1-12,3-14,315,125,0-1,0-3,0-6,11-11
Prairie View,SWAC,327,326,331,246,8-21,5-13,3-8,4-15,251,38,0-3,0-3,2-0,6-15
Ark.-Pine Bluff,SWAC,328,327,347,257,9-18,8-10,1-8,5-12,211,11,0-3,0-2,0-1,9-12
Southern Ind.,OVC,329,330,288,228,5-24,5-14,0-10,3-13,222,45,0-3,1-1,0-6,4-14
Northwestern St.,Southland,330,329,304,235,7-23,7-12,0-11,3-13,247,115,0-3,0-3,0-4,7-13
UTRGV,WAC,331,331,150,182,4-25,2-18,2-7,1-14,186,167,0-3,0-2,2-10,2-10
NJIT,America East,332,332,250,214,6-21,3-13,3-8,2-13,257,241,0-1,0-3,3-4,3-13
Tex. A&M-Commerce,Southland,333,333,262,218,10-20,7-13,3-7,4-12,149,9,0-6,1-1,0-4,9-9
Dartmouth,Ivy League,334,334,138,173,4-21,2-12,2-9,0-14,146,246,0-2,0-4,0-9,4-6
Manhattan,MAAC,335,335,246,212,6-23,4-17,2-6,4-12,249,56,0-2,0-0,1-9,5-12
Tennessee Tech,OVC,336,336,292,230,7-21,5-13,2-8,3-13,303,183,0-1,0-1,0-8,7-11
Morgan St.,MEAC,337,337,309,236,8-19,7-7,1-12,3-12,213,74,0-3,0-2,0-3,8-11
Hampton,CAA,338,338,277,224,6-24,4-16,2-8,1-12,337,355,0-0,0-3,1-10,5-11
Army West Point,Patriot,339,339,354,268,8-22,6-13,2-9,4-11,361,354,0-0,0-2,0-3,8-17
New Orleans,Southland,340,340,289,229,6-23,5-15,1-8,2-15,220,55,0-3,0-4,0-4,6-12
Cal Poly,Big West,341,341,185,194,3-28,0-20,3-8,0-16,293,336,0-1,0-2,1-13,2-12
Central Ark.,ASUN,342,343,301,233,7-23,5-11,2-12,4-13,322,283,0-2,0-0,1-7,6-14
N.C. A&T,CAA,343,342,235,208,7-25,5-14,2-11,2-14,202,131,0-2,0-7,0-6,7-10
Florida A&M,SWAC,344,344,280,225,5-22,4-14,1-8,2-14,135,1,0-6,0-2,0-0,5-14
Buffalo,MAC,345,345,201,198,3-27,2-16,1-11,2-11,242,178,0-3,0-2,0-10,3-12
UIW,Southland,346,346,343,253,6-23,3-15,3-8,3-14,334,328,0-2,0-1,1-4,5-16
Loyola Maryland,Patriot,347,348,343,253,6-25,5-14,1-11,5-13,330,203,0-1,0-3,1-4,5-17
LIU,NEC,348,347,341,252,7-22,6-11,1-11,1-17,344,258,0-0,0-3,1-6,6-13
Southeast Mo. St.,OVC,349,349,298,232,5-22,4-14,1-8,1-14,298,144,0-2,0-1,0-8,5-11
Holy Cross,Patriot,350,350,348,258,9-23,7-13,2-10,4-14,345,286,0-1,0-3,1-4,8-15
UMES,MEAC,351,351,314,238,5-20,4-11,1-9,0-15,316,151,0-1,0-3,0-5,5-11
Saint Francis (PA),NEC,352,352,348,258,6-22,3-14,3-8,2-14,340,226,0-1,0-3,0-2,6-16
Siena,MAAC,353,353,247,213,4-28,3-18,1-10,2-13,300,227,0-1,0-2,0-9,4-16
Lindenwood,OVC,354,354,338,251,6-22,3-15,3-7,3-12,306,174,0-2,0-1,0-3,6-16
Stonehill,NEC,355,355,312,237,3-27,2-14,1-13,0-19,223,77,0-2,0-3,0-7,3-15
Houston Christian,Southland,356,356,254,215,4-23,4-14,0-9,1-15,140,7,0-6,0-2,0-3,4-12
Detroit Mercy,Horizon,357,357,184,193,1-31,1-20,0-11,0-20,192,76,0-3,0-4,0-13,1-11
VMI,SoCon,358,358,159,185,1-28,1-18,0-10,0-15,204,275,0-2,0-3,0-13,1-10
Pacific,WCC,359,359,156,184,4-26,0-17,4-9,1-13,137,333,0-6,1-2,0-6,3-12
IUPUI,Horizon,360,361,250,214,3-26,2-19,1-7,2-14,280,234,0-1,0-3,1-11,2-11
Coppin St.,MEAC,361,360,328,245,2-27,1-14,1-13,0-17,318,222,0-3,0-0,0-7,2-17
Mississippi Val.,SWAC,362,362,273,223,1-30,1-17,0-13,0-22,122,3,0-6,0-4,0-2,1-18
